-- phpMyAdmin SQL Dump
-- version 4.8.3
-- https://www.phpmyadmin.net/
--
-- 主机： 127.0.0.1
-- 生成日期： 2019-04-28 11:17:58
-- 服务器版本： 10.1.36-MariaDB
-- PHP 版本： 5.6.38

SET SQL_MODE = "NO_AUTO_VALUE_ON_ZERO";
SET AUTOCOMMIT = 0;
START TRANSACTION;
SET time_zone = "+00:00";


/*!40101 SET @OLD_CHARACTER_SET_CLIENT=@@CHARACTER_SET_CLIENT */;
/*!40101 SET @OLD_CHARACTER_SET_RESULTS=@@CHARACTER_SET_RESULTS */;
/*!40101 SET @OLD_COLLATION_CONNECTION=@@COLLATION_CONNECTION */;
/*!40101 SET NAMES utf8mb4 */;

--
-- 数据库： `platform`
--

-- --------------------------------------------------------

--
-- 表的结构 `cashlog`
--

CREATE TABLE `cashlog` (
  `id` int(10) UNSIGNED NOT NULL,
  `uid` int(11) NOT NULL,
  `money` decimal(8,2) NOT NULL DEFAULT '0.00',
  `type` varchar(50) COLLATE utf8mb4_unicode_ci NOT NULL,
  `point` int(11) NOT NULL DEFAULT '0',
  `mark` varchar(30) COLLATE utf8mb4_unicode_ci DEFAULT NULL,
  `created_at` timestamp NULL DEFAULT NULL,
  `updated_at` timestamp NULL DEFAULT NULL,
  `deleted_at` timestamp NULL DEFAULT NULL
) ENGINE=InnoDB DEFAULT CHARSET=utf8mb4 COLLATE=utf8mb4_unicode_ci;

--
-- 转存表中的数据 `cashlog`
--

INSERT INTO `cashlog` (`id`, `uid`, `money`, `type`, `point`, `mark`, `created_at`, `updated_at`, `deleted_at`) VALUES
(1, 21, '0.00', 'money', 0, 'consume', '2018-09-28 05:27:51', '2018-09-28 05:27:51', NULL),
(2, 20, '0.00', 'money', 0, 'consume', '2018-09-28 05:34:01', '2018-09-28 05:34:01', NULL),
(3, 20, '0.00', 'money', 0, 'consume', '2018-09-28 05:54:20', '2018-09-28 05:54:20', NULL),
(4, 20, '0.00', 'money', 0, 'consume', '2018-09-28 06:08:25', '2018-09-28 06:08:25', NULL),
(5, 20, '0.00', 'money', 0, 'consume', '2018-09-28 06:10:27', '2018-09-28 06:10:27', NULL),
(6, 20, '0.00', 'money', 0, 'consume', '2018-09-28 06:13:51', '2018-09-28 06:13:51', NULL),
(7, 20, '0.00', 'money', 0, 'consume', '2018-09-28 06:15:11', '2018-09-28 06:15:11', NULL),
(8, 20, '0.00', 'money', 0, 'consume', '2018-09-28 06:15:40', '2018-09-28 06:15:40', NULL),
(9, 20, '0.00', 'money', 0, 'consume', '2018-09-28 06:30:11', '2018-09-28 06:30:11', NULL),
(10, 20, '0.00', 'money', 0, 'consume', '2018-09-28 06:41:09', '2018-09-28 06:41:09', NULL),
(11, 20, '0.00', 'money', 0, 'consume', '2018-09-28 06:55:48', '2018-09-28 06:55:48', NULL),
(12, 20, '0.00', 'money', 0, 'consume', '2018-09-28 07:12:58', '2018-09-28 07:12:58', NULL),
(13, 20, '0.00', 'money', 0, 'consume', '2018-09-28 07:13:54', '2018-09-28 07:13:54', NULL),
(14, 20, '0.00', 'money', 0, 'consume', '2018-09-28 07:16:46', '2018-09-28 07:16:46', NULL),
(15, 20, '0.00', 'money', 0, 'consume', '2018-09-28 08:03:54', '2018-09-28 08:03:54', NULL),
(16, 20, '0.00', 'money', 0, 'consume', '2018-09-28 08:05:01', '2018-09-28 08:05:01', NULL),
(17, 20, '0.00', 'money', 0, 'consume', '2018-09-28 08:05:43', '2018-09-28 08:05:43', NULL),
(18, 20, '0.00', 'money', 0, 'consume', '2018-09-28 08:07:11', '2018-09-28 08:07:11', NULL),
(19, 20, '0.00', 'money', 0, 'consume', '2018-09-28 08:14:06', '2018-09-28 08:14:06', NULL),
(20, 20, '0.00', 'money', 0, 'consume', '2018-09-28 08:14:54', '2018-09-28 08:14:54', NULL),
(21, 20, '0.00', 'money', 0, 'consume', '2018-09-28 08:24:04', '2018-09-28 08:24:04', NULL),
(22, 20, '0.00', 'money', 0, 'consume', '2018-09-28 08:47:31', '2018-09-28 08:47:31', NULL),
(23, 20, '0.00', 'money', 0, 'consume', '2018-09-28 09:11:11', '2018-09-28 09:11:11', NULL),
(24, 20, '0.00', 'money', 0, 'consume', '2018-09-28 09:13:08', '2018-09-28 09:13:08', NULL),
(25, 20, '0.00', 'money', 0, 'consume', '2018-09-28 09:18:03', '2018-09-28 09:18:03', NULL),
(26, 20, '0.00', 'money', 0, 'consume', '2018-09-28 10:15:55', '2018-09-28 10:15:55', NULL),
(27, 20, '0.00', 'money', 0, 'consume', '2018-09-28 10:37:20', '2018-09-28 10:37:20', NULL),
(28, 20, '0.00', 'money', 0, 'consume', '2018-09-28 10:37:36', '2018-09-28 10:37:36', NULL),
(29, 20, '0.00', 'money', 0, 'consume', '2018-09-28 10:39:09', '2018-09-28 10:39:09', NULL),
(30, 20, '0.00', 'money', 0, 'consume', '2018-09-28 10:41:33', '2018-09-28 10:41:33', NULL),
(31, 20, '0.00', 'money', 0, 'consume', '2018-09-28 10:56:47', '2018-09-28 10:56:47', NULL),
(32, 24, '0.00', 'money', 0, 'consume', '2018-09-28 11:44:32', '2018-09-28 11:44:32', NULL),
(33, 24, '0.00', 'money', 0, 'consume', '2018-09-28 11:45:15', '2018-09-28 11:45:15', NULL),
(34, 24, '0.00', 'money', 0, 'consume', '2018-09-28 11:47:43', '2018-09-28 11:47:43', NULL),
(35, 24, '0.00', 'money', 0, 'consume', '2018-09-28 11:47:50', '2018-09-28 11:47:50', NULL),
(36, 24, '0.00', 'money', 0, 'consume', '2018-09-28 11:47:56', '2018-09-28 11:47:56', NULL),
(37, 24, '0.00', 'money', 0, 'consume', '2018-09-28 11:48:02', '2018-09-28 11:48:02', NULL),
(38, 24, '0.00', 'money', 0, 'consume', '2018-09-28 11:48:08', '2018-09-28 11:48:08', NULL),
(39, 24, '0.00', 'money', 0, 'consume', '2018-09-28 11:48:15', '2018-09-28 11:48:15', NULL),
(40, 24, '0.00', 'money', 0, 'consume', '2018-09-28 11:48:20', '2018-09-28 11:48:20', NULL),
(41, 24, '0.00', 'money', 0, 'consume', '2018-09-28 11:48:27', '2018-09-28 11:48:27', NULL),
(42, 24, '0.00', 'money', 0, 'consume', '2018-09-28 11:48:34', '2018-09-28 11:48:34', NULL),
(43, 18, '0.00', 'money', 0, 'consume', '2018-09-28 11:52:05', '2018-09-28 11:52:05', NULL),
(44, 18, '0.00', 'money', 0, 'consume', '2018-09-28 12:16:48', '2018-09-28 12:16:48', NULL),
(45, 20, '0.00', 'money', 0, 'consume', '2018-09-28 15:07:26', '2018-09-28 15:07:26', NULL),
(46, 21, '0.00', 'money', 0, 'consume', '2018-09-29 00:09:19', '2018-09-29 00:09:19', NULL),
(47, 20, '0.00', 'money', 0, 'consume', '2018-09-29 00:45:53', '2018-09-29 00:45:53', NULL),
(48, 22, '0.00', 'money', 0, 'consume', '2018-09-29 00:55:14', '2018-09-29 00:55:14', NULL),
(49, 20, '0.00', 'money', 0, 'consume', '2018-09-29 01:50:46', '2018-09-29 01:50:46', NULL),
(50, 20, '0.00', 'money', 0, 'consume', '2018-09-29 01:54:03', '2018-09-29 01:54:03', NULL),
(51, 20, '0.00', 'money', 0, 'consume', '2018-09-29 02:11:53', '2018-09-29 02:11:53', NULL),
(52, 20, '0.00', 'money', 0, 'consume', '2018-09-29 02:14:22', '2018-09-29 02:14:22', NULL),
(53, 21, '0.00', 'money', 0, 'consume', '2018-09-29 02:23:51', '2018-09-29 02:23:51', NULL),
(54, 20, '0.00', 'money', 0, 'consume', '2018-09-29 02:31:27', '2018-09-29 02:31:27', NULL),
(55, 20, '0.00', 'money', 0, 'consume', '2018-09-29 02:32:20', '2018-09-29 02:32:20', NULL),
(56, 20, '0.00', 'money', 0, 'consume', '2018-09-29 02:32:40', '2018-09-29 02:32:40', NULL),
(57, 20, '0.00', 'money', 0, 'consume', '2018-09-29 02:33:05', '2018-09-29 02:33:05', NULL),
(58, 20, '0.00', 'money', 0, 'consume', '2018-09-29 02:33:11', '2018-09-29 02:33:11', NULL),
(59, 20, '0.00', 'money', 0, 'consume', '2018-09-29 02:34:37', '2018-09-29 02:34:37', NULL),
(60, 20, '0.00', 'money', 0, 'consume', '2018-09-29 02:41:07', '2018-09-29 02:41:07', NULL),
(61, 20, '0.00', 'money', 0, 'consume', '2018-09-29 02:44:46', '2018-09-29 02:44:46', NULL),
(62, 18, '0.00', 'money', 0, 'consume', '2018-09-29 02:46:16', '2018-09-29 02:46:16', NULL),
(63, 18, '0.00', 'money', 0, 'consume', '2018-09-29 02:47:32', '2018-09-29 02:47:32', NULL),
(64, 20, '0.00', 'money', 0, 'consume', '2018-09-29 02:55:18', '2018-09-29 02:55:18', NULL),
(65, 21, '0.00', 'money', 0, 'consume', '2018-09-29 02:56:28', '2018-09-29 02:56:28', NULL),
(66, 21, '0.00', 'money', 0, 'consume', '2018-09-29 02:57:31', '2018-09-29 02:57:31', NULL),
(67, 18, '0.00', 'money', 0, 'consume', '2018-09-29 02:58:33', '2018-09-29 02:58:33', NULL),
(68, 20, '0.00', 'money', 0, 'consume', '2018-09-29 02:58:39', '2018-09-29 02:58:39', NULL),
(69, 20, '0.00', 'money', 0, 'consume', '2018-09-29 03:00:23', '2018-09-29 03:00:23', NULL),
(70, 20, '0.00', 'money', 0, 'consume', '2018-09-29 03:01:08', '2018-09-29 03:01:08', NULL),
(71, 20, '0.00', 'money', 0, 'consume', '2018-09-29 03:01:32', '2018-09-29 03:01:32', NULL),
(72, 20, '0.00', 'money', 0, 'consume', '2018-09-29 03:03:38', '2018-09-29 03:03:38', NULL),
(73, 18, '0.00', 'money', 0, 'consume', '2018-09-29 03:05:30', '2018-09-29 03:05:30', NULL),
(74, 18, '0.00', 'money', 0, 'consume', '2018-09-29 03:07:15', '2018-09-29 03:07:15', NULL),
(75, 18, '0.00', 'money', 0, 'consume', '2018-09-29 03:07:57', '2018-09-29 03:07:57', NULL),
(76, 21, '0.00', 'money', 0, 'consume', '2018-09-29 03:08:43', '2018-09-29 03:08:43', NULL),
(77, 18, '0.00', 'money', 0, 'consume', '2018-09-29 03:10:46', '2018-09-29 03:10:46', NULL),
(78, 20, '0.00', 'money', 0, 'consume', '2018-09-29 03:10:54', '2018-09-29 03:10:54', NULL),
(79, 20, '0.00', 'money', 0, 'consume', '2018-09-29 03:12:45', '2018-09-29 03:12:45', NULL),
(80, 18, '0.00', 'money', 0, 'consume', '2018-09-29 03:13:54', '2018-09-29 03:13:54', NULL),
(81, 18, '0.00', 'money', 0, 'consume', '2018-09-29 03:15:13', '2018-09-29 03:15:13', NULL),
(82, 18, '0.00', 'money', 0, 'consume', '2018-09-29 03:18:28', '2018-09-29 03:18:28', NULL),
(83, 18, '0.00', 'money', 0, 'consume', '2018-09-29 03:19:12', '2018-09-29 03:19:12', NULL),
(84, 18, '0.00', 'money', 0, 'consume', '2018-09-29 03:20:02', '2018-09-29 03:20:02', NULL),
(85, 20, '0.00', 'money', 0, 'consume', '2018-09-29 03:20:41', '2018-09-29 03:20:41', NULL),
(86, 21, '0.00', 'money', 0, 'consume', '2018-09-29 03:22:52', '2018-09-29 03:22:52', NULL),
(87, 20, '0.00', 'money', 0, 'consume', '2018-09-29 03:30:20', '2018-09-29 03:30:20', NULL),
(88, 20, '0.00', 'money', 0, 'consume', '2018-09-29 03:31:05', '2018-09-29 03:31:05', NULL),
(89, 18, '0.00', 'money', 0, 'consume', '2018-09-29 03:33:28', '2018-09-29 03:33:28', NULL),
(90, 18, '0.00', 'money', 0, 'consume', '2018-09-29 03:34:45', '2018-09-29 03:34:45', NULL),
(91, 20, '0.00', 'money', 0, 'consume', '2018-09-29 03:35:02', '2018-09-29 03:35:02', NULL),
(92, 20, '0.00', 'money', 0, 'consume', '2018-09-29 03:35:09', '2018-09-29 03:35:09', NULL),
(93, 18, '0.00', 'money', 0, 'consume', '2018-09-29 03:37:10', '2018-09-29 03:37:10', NULL),
(94, 18, '0.00', 'money', 0, 'consume', '2018-09-29 03:37:35', '2018-09-29 03:37:35', NULL),
(95, 20, '0.00', 'money', 0, 'consume', '2018-09-29 03:43:33', '2018-09-29 03:43:33', NULL),
(96, 18, '0.00', 'money', 0, 'consume', '2018-09-29 03:52:03', '2018-09-29 03:52:03', NULL),
(97, 18, '0.00', 'money', 0, 'consume', '2018-09-29 03:53:32', '2018-09-29 03:53:32', NULL),
(98, 21, '0.00', 'money', 0, 'consume', '2018-09-29 03:57:34', '2018-09-29 03:57:34', NULL),
(99, 21, '0.00', 'money', 0, 'consume', '2018-09-29 04:19:57', '2018-09-29 04:19:57', NULL),
(100, 20, '0.00', 'money', 0, 'consume', '2018-09-29 04:23:57', '2018-09-29 04:23:57', NULL),
(101, 20, '0.00', 'money', 0, 'consume', '2018-09-29 04:24:49', '2018-09-29 04:24:49', NULL),
(102, 20, '0.00', 'money', 0, 'consume', '2018-09-29 04:25:37', '2018-09-29 04:25:37', NULL),
(103, 20, '0.00', 'money', 0, 'consume', '2018-09-29 04:54:09', '2018-09-29 04:54:09', NULL),
(104, 19, '0.00', 'money', 0, 'consume', '2018-09-29 04:55:00', '2018-09-29 04:55:00', NULL),
(105, 20, '0.00', 'money', 0, 'consume', '2018-09-29 05:16:16', '2018-09-29 05:16:16', NULL),
(106, 19, '0.00', 'money', 0, 'consume', '2018-09-29 05:16:48', '2018-09-29 05:16:48', NULL),
(107, 19, '0.00', 'money', 0, 'consume', '2018-09-29 05:23:13', '2018-09-29 05:23:13', NULL),
(108, 18, '0.00', 'money', 0, 'consume', '2018-09-29 05:23:23', '2018-09-29 05:23:23', NULL),
(109, 18, '0.00', 'money', 0, 'consume', '2018-09-29 05:23:24', '2018-09-29 05:23:24', NULL),
(110, 20, '0.00', 'money', 0, 'consume', '2018-09-29 05:23:29', '2018-09-29 05:23:29', NULL),
(111, 20, '0.00', 'money', 0, 'consume', '2018-09-29 05:24:02', '2018-09-29 05:24:02', NULL),
(112, 20, '0.00', 'money', 0, 'consume', '2018-09-29 05:26:45', '2018-09-29 05:26:45', NULL),
(113, 19, '0.00', 'money', 0, 'consume', '2018-09-29 05:26:47', '2018-09-29 05:26:47', NULL),
(114, 20, '0.00', 'money', 0, 'consume', '2018-09-29 05:27:24', '2018-09-29 05:27:24', NULL),
(115, 19, '0.00', 'money', 0, 'consume', '2018-09-29 05:29:35', '2018-09-29 05:29:35', NULL),
(116, 20, '0.00', 'money', 0, 'consume', '2018-09-29 05:30:16', '2018-09-29 05:30:16', NULL),
(117, 20, '0.00', 'money', 0, 'consume', '2018-09-29 05:44:04', '2018-09-29 05:44:04', NULL),
(118, 19, '0.00', 'money', 0, 'consume', '2018-09-29 05:54:32', '2018-09-29 05:54:32', NULL),
(119, 19, '0.00', 'money', 0, 'consume', '2018-09-29 05:54:49', '2018-09-29 05:54:49', NULL),
(120, 18, '0.00', 'money', 0, 'consume', '2018-09-29 05:55:01', '2018-09-29 05:55:01', NULL),
(121, 21, '0.00', 'money', 0, 'consume', '2018-09-29 05:56:33', '2018-09-29 05:56:33', NULL),
(122, 21, '0.00', 'money', 0, 'consume', '2018-09-29 06:00:43', '2018-09-29 06:00:43', NULL),
(123, 18, '0.00', 'money', 0, 'consume', '2018-09-29 06:03:30', '2018-09-29 06:03:30', NULL),
(124, 20, '0.00', 'money', 0, 'consume', '2018-09-29 06:09:33', '2018-09-29 06:09:33', NULL),
(125, 19, '0.00', 'money', 0, 'consume', '2018-09-29 06:18:45', '2018-09-29 06:18:45', NULL),
(126, 18, '0.00', 'money', 0, 'consume', '2018-09-29 06:21:23', '2018-09-29 06:21:23', NULL),
(127, 18, '0.00', 'money', 0, 'consume', '2018-09-29 06:22:15', '2018-09-29 06:22:15', NULL),
(128, 19, '0.00', 'money', 0, 'consume', '2018-09-29 06:35:25', '2018-09-29 06:35:25', NULL),
(129, 19, '0.00', 'money', 0, 'consume', '2018-09-29 06:39:49', '2018-09-29 06:39:49', NULL),
(130, 19, '0.00', 'money', 0, 'consume', '2018-09-29 06:42:25', '2018-09-29 06:42:25', NULL),
(131, 19, '0.00', 'money', 0, 'consume', '2018-09-29 06:43:18', '2018-09-29 06:43:18', NULL),
(132, 20, '0.00', 'money', 0, 'consume', '2018-09-29 06:45:07', '2018-09-29 06:45:07', NULL),
(133, 20, '0.00', 'money', 0, 'consume', '2018-09-29 06:46:04', '2018-09-29 06:46:04', NULL),
(134, 20, '0.00', 'money', 0, 'consume', '2018-09-29 06:47:12', '2018-09-29 06:47:12', NULL),
(135, 20, '0.00', 'money', 0, 'consume', '2018-09-29 06:54:40', '2018-09-29 06:54:40', NULL),
(136, 18, '0.00', 'money', 0, 'consume', '2018-09-29 06:55:25', '2018-09-29 06:55:25', NULL),
(137, 24, '0.00', 'money', 0, 'consume', '2018-09-29 06:57:40', '2018-09-29 06:57:40', NULL),
(138, 18, '0.00', 'money', 0, 'consume', '2018-09-29 07:08:14', '2018-09-29 07:08:14', NULL),
(139, 18, '0.00', 'money', 0, 'consume', '2018-09-29 07:09:59', '2018-09-29 07:09:59', NULL),
(140, 19, '0.00', 'money', 0, 'consume', '2018-09-29 07:14:42', '2018-09-29 07:14:42', NULL),
(141, 21, '0.00', 'money', 0, 'consume', '2018-09-29 07:17:52', '2018-09-29 07:17:52', NULL),
(142, 19, '0.00', 'money', 0, 'consume', '2018-09-29 07:19:54', '2018-09-29 07:19:54', NULL),
(143, 19, '0.00', 'money', 0, 'consume', '2018-09-29 07:20:57', '2018-09-29 07:20:57', NULL),
(144, 19, '0.00', 'money', 0, 'consume', '2018-09-29 07:21:59', '2018-09-29 07:21:59', NULL),
(145, 19, '0.00', 'money', 0, 'consume', '2018-09-29 07:23:08', '2018-09-29 07:23:08', NULL),
(146, 18, '0.00', 'money', 0, 'consume', '2018-09-29 07:56:01', '2018-09-29 07:56:01', NULL),
(147, 19, '0.00', 'money', 0, 'consume', '2018-09-29 07:59:39', '2018-09-29 07:59:39', NULL),
(148, 19, '0.00', 'money', 0, 'consume', '2018-09-29 08:00:33', '2018-09-29 08:00:33', NULL),
(149, 18, '0.00', 'money', 0, 'consume', '2018-09-29 08:03:53', '2018-09-29 08:03:53', NULL),
(150, 18, '0.00', 'money', 0, 'consume', '2018-09-29 08:05:25', '2018-09-29 08:05:25', NULL),
(151, 18, '0.00', 'money', 0, 'consume', '2018-09-29 08:19:53', '2018-09-29 08:19:53', NULL),
(152, 21, '0.00', 'money', 0, 'consume', '2018-09-29 08:35:55', '2018-09-29 08:35:55', NULL),
(153, 21, '0.00', 'money', 0, 'consume', '2018-09-29 08:37:35', '2018-09-29 08:37:35', NULL),
(154, 21, '0.00', 'money', 0, 'consume', '2018-09-29 08:38:59', '2018-09-29 08:38:59', NULL),
(155, 20, '0.00', 'money', 0, 'consume', '2018-09-29 09:08:05', '2018-09-29 09:08:05', NULL),
(156, 20, '0.00', 'money', 0, 'consume', '2018-09-29 09:10:08', '2018-09-29 09:10:08', NULL),
(157, 20, '0.00', 'money', 0, 'consume', '2018-09-29 09:10:27', '2018-09-29 09:10:27', NULL),
(158, 21, '0.00', 'money', 0, 'consume', '2018-09-29 09:27:13', '2018-09-29 09:27:13', NULL),
(159, 20, '0.00', 'money', 0, 'consume', '2018-09-29 09:32:48', '2018-09-29 09:32:48', NULL),
(160, 18, '0.00', 'money', 0, 'consume', '2018-09-29 10:02:57', '2018-09-29 10:02:57', NULL),
(161, 18, '0.00', 'money', 0, 'consume', '2018-09-29 13:57:58', '2018-09-29 13:57:58', NULL),
(162, 21, '0.00', 'money', 0, 'consume', '2018-09-29 13:59:20', '2018-09-29 13:59:20', NULL),
(163, 24, '0.00', 'money', 0, 'consume', '2018-09-29 15:02:36', '2018-09-29 15:02:36', NULL),
(164, 24, '0.00', 'money', 0, 'consume', '2018-09-29 15:02:43', '2018-09-29 15:02:43', NULL),
(165, 24, '0.00', 'money', 0, 'consume', '2018-09-29 15:02:54', '2018-09-29 15:02:54', NULL),
(166, 24, '0.00', 'money', 0, 'consume', '2018-09-29 15:03:00', '2018-09-29 15:03:00', NULL),
(167, 21, '0.00', 'money', 0, 'consume', '2018-09-29 23:56:30', '2018-09-29 23:56:30', NULL),
(168, 21, '0.00', 'money', 0, 'consume', '2018-09-29 23:57:35', '2018-09-29 23:57:35', NULL),
(169, 21, '0.00', 'money', 0, 'consume', '2018-09-29 23:58:28', '2018-09-29 23:58:28', NULL),
(170, 21, '0.00', 'money', 0, 'consume', '2018-09-29 23:59:06', '2018-09-29 23:59:06', NULL),
(171, 21, '0.00', 'money', 0, 'consume', '2018-09-29 23:59:46', '2018-09-29 23:59:46', NULL),
(172, 21, '0.00', 'money', 0, 'consume', '2018-09-30 00:00:27', '2018-09-30 00:00:27', NULL),
(173, 21, '0.00', 'money', 0, 'consume', '2018-09-30 00:00:30', '2018-09-30 00:00:30', NULL),
(174, 19, '0.00', 'money', 0, 'consume', '2018-09-30 00:23:11', '2018-09-30 00:23:11', NULL),
(175, 18, '0.00', 'money', 0, 'consume', '2018-09-30 01:30:28', '2018-09-30 01:30:28', NULL),
(176, 18, '0.00', 'money', 0, 'consume', '2018-09-30 01:40:25', '2018-09-30 01:40:25', NULL),
(177, 20, '0.00', 'money', 0, 'consume', '2018-09-30 01:45:42', '2018-09-30 01:45:42', NULL),
(178, 18, '0.00', 'money', 0, 'consume', '2018-09-30 01:51:01', '2018-09-30 01:51:01', NULL),
(179, 18, '0.00', 'money', 0, 'consume', '2018-09-30 01:58:27', '2018-09-30 01:58:27', NULL),
(180, 20, '0.00', 'money', 0, 'consume', '2018-09-30 02:31:58', '2018-09-30 02:31:58', NULL),
(181, 21, '0.00', 'money', 0, 'consume', '2018-09-30 02:34:41', '2018-09-30 02:34:41', NULL),
(182, 20, '0.00', 'money', 0, 'consume', '2018-09-30 02:50:46', '2018-09-30 02:50:46', NULL),
(183, 19, '0.00', 'money', 0, 'consume', '2018-09-30 03:32:23', '2018-09-30 03:32:23', NULL),
(184, 24, '0.00', 'money', 0, 'consume', '2018-09-30 03:35:53', '2018-09-30 03:35:53', NULL),
(185, 24, '0.00', 'money', 0, 'consume', '2018-09-30 03:45:04', '2018-09-30 03:45:04', NULL),
(186, 24, '0.00', 'money', 0, 'consume', '2018-09-30 03:45:30', '2018-09-30 03:45:30', NULL),
(187, 24, '0.00', 'money', 0, 'consume', '2018-09-30 03:45:41', '2018-09-30 03:45:41', NULL),
(188, 24, '0.00', 'money', 0, 'consume', '2018-09-30 03:45:59', '2018-09-30 03:45:59', NULL),
(189, 24, '0.00', 'money', 0, 'consume', '2018-09-30 03:46:27', '2018-09-30 03:46:27', NULL),
(190, 24, '0.00', 'money', 0, 'consume', '2018-09-30 03:46:35', '2018-09-30 03:46:35', NULL),
(191, 24, '0.00', 'money', 0, 'consume', '2018-09-30 03:46:56', '2018-09-30 03:46:56', NULL),
(192, 24, '0.00', 'money', 0, 'consume', '2018-09-30 03:47:02', '2018-09-30 03:47:02', NULL),
(193, 24, '0.00', 'money', 0, 'consume', '2018-09-30 03:47:09', '2018-09-30 03:47:09', NULL),
(194, 24, '0.00', 'money', 0, 'consume', '2018-09-30 03:47:15', '2018-09-30 03:47:15', NULL),
(195, 18, '0.00', 'money', 0, 'consume', '2018-09-30 05:04:23', '2018-09-30 05:04:23', NULL),
(196, 24, '0.00', 'money', 0, 'consume', '2018-09-30 05:43:22', '2018-09-30 05:43:22', NULL),
(197, 24, '0.00', 'money', 0, 'consume', '2018-09-30 05:52:54', '2018-09-30 05:52:54', NULL),
(198, 20, '0.00', 'money', 0, 'consume', '2018-09-30 06:00:06', '2018-09-30 06:00:06', NULL),
(199, 18, '0.00', 'money', 0, 'consume', '2018-09-30 07:08:12', '2018-09-30 07:08:12', NULL),
(200, 20, '0.00', 'money', 0, 'consume', '2018-09-30 07:53:42', '2018-09-30 07:53:42', NULL),
(201, 24, '0.00', 'money', 0, 'consume', '2018-09-30 08:04:14', '2018-09-30 08:04:14', NULL),
(202, 20, '0.00', 'money', 0, 'consume', '2018-09-30 09:03:03', '2018-09-30 09:03:03', NULL),
(203, 20, '0.00', 'money', 0, 'consume', '2018-09-30 09:04:00', '2018-09-30 09:04:00', NULL),
(204, 20, '0.00', 'money', 0, 'consume', '2018-09-30 09:07:21', '2018-09-30 09:07:21', NULL),
(205, 20, '0.00', 'money', 0, 'consume', '2018-09-30 09:10:05', '2018-09-30 09:10:05', NULL),
(206, 24, '0.00', 'money', 0, 'consume', '2018-09-30 09:40:06', '2018-09-30 09:40:06', NULL),
(207, 24, '0.00', 'money', 0, 'consume', '2018-09-30 09:40:15', '2018-09-30 09:40:15', NULL),
(208, 24, '0.00', 'money', 0, 'consume', '2018-09-30 09:40:20', '2018-09-30 09:40:20', NULL),
(209, 24, '0.00', 'money', 0, 'consume', '2018-09-30 09:40:25', '2018-09-30 09:40:25', NULL),
(210, 24, '0.00', 'money', 0, 'consume', '2018-09-30 09:40:30', '2018-09-30 09:40:30', NULL),
(211, 24, '0.00', 'money', 0, 'consume', '2018-09-30 09:40:36', '2018-09-30 09:40:36', NULL),
(212, 20, '0.00', 'money', 0, 'consume', '2018-09-30 09:43:39', '2018-09-30 09:43:39', NULL),
(213, 21, '0.00', 'money', 0, 'consume', '2018-09-30 10:41:58', '2018-09-30 10:41:58', NULL),
(214, 19, '0.00', 'money', 0, 'consume', '2018-09-30 11:04:10', '2018-09-30 11:04:10', NULL),
(215, 19, '0.00', 'money', 0, 'consume', '2018-09-30 11:06:46', '2018-09-30 11:06:46', NULL),
(216, 19, '0.00', 'money', 0, 'consume', '2018-09-30 11:08:19', '2018-09-30 11:08:19', NULL),
(217, 19, '0.00', 'money', 0, 'consume', '2018-09-30 11:09:44', '2018-09-30 11:09:44', NULL),
(218, 19, '0.00', 'money', 0, 'consume', '2018-09-30 11:11:03', '2018-09-30 11:11:03', NULL),
(219, 19, '0.00', 'money', 0, 'consume', '2018-09-30 11:11:53', '2018-09-30 11:11:53', NULL),
(220, 19, '0.00', 'money', 0, 'consume', '2018-09-30 11:12:44', '2018-09-30 11:12:44', NULL),
(221, 19, '0.00', 'money', 0, 'consume', '2018-09-30 11:13:24', '2018-09-30 11:13:24', NULL),
(222, 21, '0.00', 'money', 0, 'consume', '2018-09-30 11:13:35', '2018-09-30 11:13:35', NULL),
(223, 19, '0.00', 'money', 0, 'consume', '2018-09-30 11:14:16', '2018-09-30 11:14:16', NULL),
(224, 19, '0.00', 'money', 0, 'consume', '2018-09-30 11:15:15', '2018-09-30 11:15:15', NULL),
(225, 19, '0.00', 'money', 0, 'consume', '2018-09-30 11:15:57', '2018-09-30 11:15:57', NULL),
(226, 19, '0.00', 'money', 0, 'consume', '2018-09-30 11:24:51', '2018-09-30 11:24:51', NULL),
(227, 21, '0.00', 'money', 0, 'consume', '2018-10-01 02:29:31', '2018-10-01 02:29:31', NULL),
(228, 21, '0.00', 'money', 0, 'consume', '2018-10-01 02:35:41', '2018-10-01 02:35:41', NULL),
(229, 21, '0.00', 'money', 0, 'consume', '2018-10-01 02:36:43', '2018-10-01 02:36:43', NULL),
(230, 21, '0.00', 'money', 0, 'consume', '2018-10-01 02:37:50', '2018-10-01 02:37:50', NULL),
(231, 21, '0.00', 'money', 0, 'consume', '2018-10-01 03:07:12', '2018-10-01 03:07:12', NULL),
(232, 21, '0.00', 'money', 0, 'consume', '2018-10-01 03:10:25', '2018-10-01 03:10:25', NULL),
(233, 21, '0.00', 'money', 0, 'consume', '2018-10-01 03:15:30', '2018-10-01 03:15:30', NULL),
(234, 21, '0.00', 'money', 0, 'consume', '2018-10-01 03:19:33', '2018-10-01 03:19:33', NULL),
(235, 21, '0.00', 'money', 0, 'consume', '2018-10-01 03:20:41', '2018-10-01 03:20:41', NULL),
(236, 21, '0.00', 'money', 0, 'consume', '2018-10-01 03:22:09', '2018-10-01 03:22:09', NULL),
(237, 21, '0.00', 'money', 0, 'consume', '2018-10-01 03:23:05', '2018-10-01 03:23:05', NULL),
(238, 21, '0.00', 'money', 0, 'consume', '2018-10-01 03:24:03', '2018-10-01 03:24:03', NULL),
(239, 21, '0.00', 'money', 0, 'consume', '2018-10-01 03:32:59', '2018-10-01 03:32:59', NULL),
(240, 21, '0.00', 'money', 0, 'consume', '2018-10-01 03:33:49', '2018-10-01 03:33:49', NULL),
(241, 21, '0.00', 'money', 0, 'consume', '2018-10-01 04:47:58', '2018-10-01 04:47:58', NULL),
(242, 21, '0.00', 'money', 0, 'consume', '2018-10-01 04:49:14', '2018-10-01 04:49:14', NULL),
(243, 21, '0.00', 'money', 0, 'consume', '2018-10-01 04:49:48', '2018-10-01 04:49:48', NULL),
(244, 21, '0.00', 'money', 0, 'consume', '2018-10-01 04:49:59', '2018-10-01 04:49:59', NULL),
(245, 21, '0.00', 'money', 0, 'consume', '2018-10-01 04:51:02', '2018-10-01 04:51:02', NULL),
(246, 21, '0.00', 'money', 0, 'consume', '2018-10-01 04:51:06', '2018-10-01 04:51:06', NULL),
(247, 21, '0.00', 'money', 0, 'consume', '2018-10-01 04:52:07', '2018-10-01 04:52:07', NULL),
(248, 21, '0.00', 'money', 0, 'consume', '2018-10-01 04:52:42', '2018-10-01 04:52:42', NULL),
(249, 21, '0.00', 'money', 0, 'consume', '2018-10-01 04:54:17', '2018-10-01 04:54:17', NULL),
(250, 21, '0.00', 'money', 0, 'consume', '2018-10-01 04:54:23', '2018-10-01 04:54:23', NULL),
(251, 21, '0.00', 'money', 0, 'consume', '2018-10-01 04:57:12', '2018-10-01 04:57:12', NULL),
(252, 21, '0.00', 'money', 0, 'consume', '2018-10-01 04:57:19', '2018-10-01 04:57:19', NULL),
(253, 21, '0.00', 'money', 0, 'consume', '2018-10-01 04:58:33', '2018-10-01 04:58:33', NULL),
(254, 21, '0.00', 'money', 0, 'consume', '2018-10-01 04:58:38', '2018-10-01 04:58:38', NULL),
(255, 21, '0.00', 'money', 0, 'consume', '2018-10-01 04:59:48', '2018-10-01 04:59:48', NULL),
(256, 21, '0.00', 'money', 0, 'consume', '2018-10-01 04:59:52', '2018-10-01 04:59:52', NULL),
(257, 21, '0.00', 'money', 0, 'consume', '2018-10-01 05:02:07', '2018-10-01 05:02:07', NULL),
(258, 21, '0.00', 'money', 0, 'consume', '2018-10-01 05:02:12', '2018-10-01 05:02:12', NULL),
(259, 21, '0.00', 'money', 0, 'consume', '2018-10-01 05:19:03', '2018-10-01 05:19:03', NULL),
(260, 21, '0.00', 'money', 0, 'consume', '2018-10-01 05:20:01', '2018-10-01 05:20:01', NULL),
(261, 21, '0.00', 'money', 0, 'consume', '2018-10-01 05:21:12', '2018-10-01 05:21:12', NULL),
(262, 24, '0.00', 'money', 0, 'consume', '2018-10-01 06:35:16', '2018-10-01 06:35:16', NULL),
(263, 24, '0.00', 'money', 0, 'consume', '2018-10-01 06:42:17', '2018-10-01 06:42:17', NULL),
(264, 19, '0.00', 'money', 0, 'consume', '2018-10-01 08:03:58', '2018-10-01 08:03:58', NULL),
(265, 20, '0.00', 'money', 0, 'consume', '2018-10-01 11:08:15', '2018-10-01 11:08:15', NULL),
(266, 20, '0.00', 'money', 0, 'consume', '2018-10-01 11:52:07', '2018-10-01 11:52:07', NULL),
(267, 21, '0.00', 'money', 0, 'consume', '2018-10-01 12:21:28', '2018-10-01 12:21:28', NULL),
(268, 20, '0.00', 'money', 0, 'consume', '2018-10-01 12:54:33', '2018-10-01 12:54:33', NULL),
(269, 20, '0.00', 'money', 0, 'consume', '2018-10-01 14:04:49', '2018-10-01 14:04:49', NULL),
(270, 20, '0.00', 'money', 0, 'consume', '2018-10-01 16:40:14', '2018-10-01 16:40:14', NULL),
(271, 20, '0.00', 'money', 0, 'consume', '2018-10-02 00:45:41', '2018-10-02 00:45:41', NULL),
(272, 20, '0.00', 'money', 0, 'consume', '2018-10-02 01:21:27', '2018-10-02 01:21:27', NULL),
(273, 20, '0.00', 'money', 0, 'consume', '2018-10-02 01:55:19', '2018-10-02 01:55:19', NULL),
(274, 20, '0.00', 'money', 0, 'consume', '2018-10-02 02:20:19', '2018-10-02 02:20:19', NULL),
(275, 20, '0.00', 'money', 0, 'consume', '2018-10-02 02:26:07', '2018-10-02 02:26:07', NULL),
(276, 20, '0.00', 'money', 0, 'consume', '2018-10-02 02:27:26', '2018-10-02 02:27:26', NULL),
(277, 20, '0.00', 'money', 0, 'consume', '2018-10-02 02:28:27', '2018-10-02 02:28:27', NULL),
(278, 20, '0.00', 'money', 0, 'consume', '2018-10-02 02:37:00', '2018-10-02 02:37:00', NULL),
(279, 20, '0.00', 'money', 0, 'consume', '2018-10-02 02:37:44', '2018-10-02 02:37:44', NULL),
(280, 18, '0.00', 'money', 0, 'consume', '2018-10-02 02:40:13', '2018-10-02 02:40:13', NULL),
(281, 20, '0.00', 'money', 0, 'consume', '2018-10-02 02:41:26', '2018-10-02 02:41:26', NULL),
(282, 20, '0.00', 'money', 0, 'consume', '2018-10-02 02:44:56', '2018-10-02 02:44:56', NULL),
(283, 20, '0.00', 'money', 0, 'consume', '2018-10-02 02:49:50', '2018-10-02 02:49:50', NULL),
(284, 20, '0.00', 'money', 0, 'consume', '2018-10-02 02:56:54', '2018-10-02 02:56:54', NULL),
(285, 20, '0.00', 'money', 0, 'consume', '2018-10-02 03:01:07', '2018-10-02 03:01:07', NULL),
(286, 20, '0.00', 'money', 0, 'consume', '2018-10-02 03:04:13', '2018-10-02 03:04:13', NULL),
(287, 20, '0.00', 'money', 0, 'consume', '2018-10-02 03:12:20', '2018-10-02 03:12:20', NULL),
(288, 20, '0.00', 'money', 0, 'consume', '2018-10-02 03:16:03', '2018-10-02 03:16:03', NULL),
(289, 18, '0.00', 'money', 0, 'consume', '2018-10-02 03:17:16', '2018-10-02 03:17:16', NULL),
(290, 18, '0.00', 'money', 0, 'consume', '2018-10-02 03:19:06', '2018-10-02 03:19:06', NULL),
(291, 18, '0.00', 'money', 0, 'consume', '2018-10-02 03:19:23', '2018-10-02 03:19:23', NULL),
(292, 19, '0.00', 'money', 0, 'consume', '2018-10-02 03:27:32', '2018-10-02 03:27:32', NULL),
(293, 19, '0.00', 'money', 0, 'consume', '2018-10-02 03:28:46', '2018-10-02 03:28:46', NULL),
(294, 19, '0.00', 'money', 0, 'consume', '2018-10-02 03:29:35', '2018-10-02 03:29:35', NULL),
(295, 19, '0.00', 'money', 0, 'consume', '2018-10-02 03:37:18', '2018-10-02 03:37:18', NULL),
(296, 19, '0.00', 'money', 0, 'consume', '2018-10-02 03:38:08', '2018-10-02 03:38:08', NULL),
(297, 19, '0.00', 'money', 0, 'consume', '2018-10-02 03:38:45', '2018-10-02 03:38:45', NULL),
(298, 19, '0.00', 'money', 0, 'consume', '2018-10-02 03:39:28', '2018-10-02 03:39:28', NULL),
(299, 19, '0.00', 'money', 0, 'consume', '2018-10-02 03:40:01', '2018-10-02 03:40:01', NULL),
(300, 19, '0.00', 'money', 0, 'consume', '2018-10-02 03:40:38', '2018-10-02 03:40:38', NULL),
(301, 19, '0.00', 'money', 0, 'consume', '2018-10-02 03:41:26', '2018-10-02 03:41:26', NULL),
(302, 19, '0.00', 'money', 0, 'consume', '2018-10-02 03:42:11', '2018-10-02 03:42:11', NULL),
(303, 19, '0.00', 'money', 0, 'consume', '2018-10-02 03:42:49', '2018-10-02 03:42:49', NULL),
(304, 19, '0.00', 'money', 0, 'consume', '2018-10-02 03:43:32', '2018-10-02 03:43:32', NULL),
(305, 19, '0.00', 'money', 0, 'consume', '2018-10-02 03:44:17', '2018-10-02 03:44:17', NULL),
(306, 19, '0.00', 'money', 0, 'consume', '2018-10-02 03:45:13', '2018-10-02 03:45:13', NULL),
(307, 19, '0.00', 'money', 0, 'consume', '2018-10-02 03:45:44', '2018-10-02 03:45:44', NULL),
(308, 19, '0.00', 'money', 0, 'consume', '2018-10-02 03:46:17', '2018-10-02 03:46:17', NULL),
(309, 19, '0.00', 'money', 0, 'consume', '2018-10-02 03:46:52', '2018-10-02 03:46:52', NULL),
(310, 19, '0.00', 'money', 0, 'consume', '2018-10-02 03:47:34', '2018-10-02 03:47:34', NULL),
(311, 19, '0.00', 'money', 0, 'consume', '2018-10-02 03:48:09', '2018-10-02 03:48:09', NULL),
(312, 19, '0.00', 'money', 0, 'consume', '2018-10-02 03:48:59', '2018-10-02 03:48:59', NULL),
(313, 19, '0.00', 'money', 0, 'consume', '2018-10-02 03:50:22', '2018-10-02 03:50:22', NULL),
(314, 19, '0.00', 'money', 0, 'consume', '2018-10-02 03:52:13', '2018-10-02 03:52:13', NULL),
(315, 19, '0.00', 'money', 0, 'consume', '2018-10-02 03:52:56', '2018-10-02 03:52:56', NULL),
(316, 19, '0.00', 'money', 0, 'consume', '2018-10-02 03:53:28', '2018-10-02 03:53:28', NULL),
(317, 19, '0.00', 'money', 0, 'consume', '2018-10-02 03:54:05', '2018-10-02 03:54:05', NULL),
(318, 20, '0.00', 'money', 0, 'consume', '2018-10-02 05:22:11', '2018-10-02 05:22:11', NULL),
(319, 20, '0.00', 'money', 0, 'consume', '2018-10-02 05:25:40', '2018-10-02 05:25:40', NULL),
(320, 20, '0.00', 'money', 0, 'consume', '2018-10-02 05:30:07', '2018-10-02 05:30:07', NULL),
(321, 18, '0.00', 'money', 0, 'consume', '2018-10-02 06:03:40', '2018-10-02 06:03:40', NULL),
(322, 20, '0.00', 'money', 0, 'consume', '2018-10-02 06:51:13', '2018-10-02 06:51:13', NULL),
(323, 20, '0.00', 'money', 0, 'consume', '2018-10-02 06:52:03', '2018-10-02 06:52:03', NULL),
(324, 20, '0.00', 'money', 0, 'consume', '2018-10-02 08:12:44', '2018-10-02 08:12:44', NULL),
(325, 20, '0.00', 'money', 0, 'consume', '2018-10-02 11:00:59', '2018-10-02 11:00:59', NULL),
(326, 20, '0.00', 'money', 0, 'consume', '2018-10-02 11:01:18', '2018-10-02 11:01:18', NULL),
(327, 20, '0.00', 'money', 0, 'consume', '2018-10-02 11:43:18', '2018-10-02 11:43:18', NULL),
(328, 24, '0.00', 'money', 0, 'consume', '2018-10-02 14:24:47', '2018-10-02 14:24:47', NULL),
(329, 24, '0.00', 'money', 0, 'consume', '2018-10-02 14:34:43', '2018-10-02 14:34:43', NULL),
(330, 24, '0.00', 'money', 0, 'consume', '2018-10-02 14:40:17', '2018-10-02 14:40:17', NULL),
(331, 20, '0.00', 'money', 0, 'consume', '2018-10-03 00:50:02', '2018-10-03 00:50:02', NULL),
(332, 21, '0.00', 'money', 0, 'consume', '2018-10-03 02:02:48', '2018-10-03 02:02:48', NULL),
(333, 18, '0.00', 'money', 0, 'consume', '2018-10-03 02:49:49', '2018-10-03 02:49:49', NULL),
(334, 21, '0.00', 'money', 0, 'consume', '2018-10-03 03:07:15', '2018-10-03 03:07:15', NULL),
(335, 20, '0.00', 'money', 0, 'consume', '2018-10-03 03:53:25', '2018-10-03 03:53:25', NULL),
(336, 21, '0.00', 'money', 0, 'consume', '2018-10-03 04:25:42', '2018-10-03 04:25:42', NULL),
(337, 21, '0.00', 'money', 0, 'consume', '2018-10-03 04:36:24', '2018-10-03 04:36:24', NULL),
(338, 21, '0.00', 'money', 0, 'consume', '2018-10-03 04:36:24', '2018-10-03 04:36:24', NULL),
(339, 18, '0.00', 'money', 0, 'consume', '2018-10-03 05:07:18', '2018-10-03 05:07:18', NULL),
(340, 21, '0.00', 'money', 0, 'consume', '2018-10-03 05:08:04', '2018-10-03 05:08:04', NULL),
(341, 20, '0.00', 'money', 0, 'consume', '2018-10-03 05:08:18', '2018-10-03 05:08:18', NULL),
(342, 18, '0.00', 'money', 0, 'consume', '2018-10-03 05:08:18', '2018-10-03 05:08:18', NULL),
(343, 18, '0.00', 'money', 0, 'consume', '2018-10-03 05:18:00', '2018-10-03 05:18:00', NULL),
(344, 18, '0.00', 'money', 0, 'consume', '2018-10-03 08:16:13', '2018-10-03 08:16:13', NULL),
(345, 21, '0.00', 'money', 0, 'consume', '2018-10-03 08:35:10', '2018-10-03 08:35:10', NULL),
(346, 19, '0.00', 'money', 0, 'consume', '2018-10-03 10:59:14', '2018-10-03 10:59:14', NULL),
(347, 20, '0.00', 'money', 0, 'consume', '2018-10-03 11:38:41', '2018-10-03 11:38:41', NULL),
(348, 20, '0.00', 'money', 0, 'consume', '2018-10-03 12:14:23', '2018-10-03 12:14:23', NULL),
(349, 20, '0.00', 'money', 0, 'consume', '2018-10-03 12:14:58', '2018-10-03 12:14:58', NULL),
(350, 20, '0.00', 'money', 0, 'consume', '2018-10-03 12:17:11', '2018-10-03 12:17:11', NULL),
(351, 20, '0.00', 'money', 0, 'consume', '2018-10-03 12:58:52', '2018-10-03 12:58:52', NULL),
(352, 20, '0.00', 'money', 0, 'consume', '2018-10-03 13:00:11', '2018-10-03 13:00:11', NULL),
(353, 20, '0.00', 'money', 0, 'consume', '2018-10-03 13:01:15', '2018-10-03 13:01:15', NULL),
(354, 20, '0.00', 'money', 0, 'consume', '2018-10-03 13:02:42', '2018-10-03 13:02:42', NULL),
(355, 20, '0.00', 'money', 0, 'consume', '2018-10-03 13:06:51', '2018-10-03 13:06:51', NULL),
(356, 20, '0.00', 'money', 0, 'consume', '2018-10-03 13:07:34', '2018-10-03 13:07:34', NULL),
(357, 20, '0.00', 'money', 0, 'consume', '2018-10-03 13:11:37', '2018-10-03 13:11:37', NULL),
(358, 20, '0.00', 'money', 0, 'consume', '2018-10-03 13:12:21', '2018-10-03 13:12:21', NULL),
(359, 20, '0.00', 'money', 0, 'consume', '2018-10-03 13:12:52', '2018-10-03 13:12:52', NULL),
(360, 20, '0.00', 'money', 0, 'consume', '2018-10-03 13:13:38', '2018-10-03 13:13:38', NULL),
(361, 20, '0.00', 'money', 0, 'consume', '2018-10-03 13:14:08', '2018-10-03 13:14:08', NULL),
(362, 20, '0.00', 'money', 0, 'consume', '2018-10-03 13:14:36', '2018-10-03 13:14:36', NULL),
(363, 20, '0.00', 'money', 0, 'consume', '2018-10-03 13:15:07', '2018-10-03 13:15:07', NULL),
(364, 20, '0.00', 'money', 0, 'consume', '2018-10-03 13:15:35', '2018-10-03 13:15:35', NULL),
(365, 20, '0.00', 'money', 0, 'consume', '2018-10-03 13:15:59', '2018-10-03 13:15:59', NULL),
(366, 20, '0.00', 'money', 0, 'consume', '2018-10-03 13:16:34', '2018-10-03 13:16:34', NULL),
(367, 20, '0.00', 'money', 0, 'consume', '2018-10-03 13:17:49', '2018-10-03 13:17:49', NULL),
(368, 20, '0.00', 'money', 0, 'consume', '2018-10-03 13:18:22', '2018-10-03 13:18:22', NULL),
(369, 20, '0.00', 'money', 0, 'consume', '2018-10-03 13:18:50', '2018-10-03 13:18:50', NULL),
(370, 20, '0.00', 'money', 0, 'consume', '2018-10-03 13:19:10', '2018-10-03 13:19:10', NULL),
(371, 20, '0.00', 'money', 0, 'consume', '2018-10-03 13:19:42', '2018-10-03 13:19:42', NULL),
(372, 20, '0.00', 'money', 0, 'consume', '2018-10-03 13:20:07', '2018-10-03 13:20:07', NULL),
(373, 20, '0.00', 'money', 0, 'consume', '2018-10-03 13:20:31', '2018-10-03 13:20:31', NULL),
(374, 20, '0.00', 'money', 0, 'consume', '2018-10-03 13:21:22', '2018-10-03 13:21:22', NULL),
(375, 20, '0.00', 'money', 0, 'consume', '2018-10-03 13:22:04', '2018-10-03 13:22:04', NULL),
(376, 20, '0.00', 'money', 0, 'consume', '2018-10-03 13:22:40', '2018-10-03 13:22:40', NULL),
(377, 20, '0.00', 'money', 0, 'consume', '2018-10-03 13:23:15', '2018-10-03 13:23:15', NULL),
(378, 20, '0.00', 'money', 0, 'consume', '2018-10-03 13:23:49', '2018-10-03 13:23:49', NULL),
(379, 20, '0.00', 'money', 0, 'consume', '2018-10-03 13:25:50', '2018-10-03 13:25:50', NULL),
(380, 20, '0.00', 'money', 0, 'consume', '2018-10-03 13:31:13', '2018-10-03 13:31:13', NULL),
(381, 20, '0.00', 'money', 0, 'consume', '2018-10-03 13:31:44', '2018-10-03 13:31:44', NULL),
(382, 20, '0.00', 'money', 0, 'consume', '2018-10-03 13:32:11', '2018-10-03 13:32:11', NULL),
(383, 20, '0.00', 'money', 0, 'consume', '2018-10-03 13:36:39', '2018-10-03 13:36:39', NULL),
(384, 20, '0.00', 'money', 0, 'consume', '2018-10-03 14:25:43', '2018-10-03 14:25:43', NULL),
(385, 20, '0.00', 'money', 0, 'consume', '2018-10-03 14:37:16', '2018-10-03 14:37:16', NULL),
(386, 19, '0.00', 'money', 0, 'consume', '2018-10-03 15:17:46', '2018-10-03 15:17:46', NULL),
(387, 24, '0.00', 'money', 0, 'consume', '2018-10-03 16:07:19', '2018-10-03 16:07:19', NULL),
(388, 24, '0.00', 'money', 0, 'consume', '2018-10-04 01:06:06', '2018-10-04 01:06:06', NULL),
(389, 24, '0.00', 'money', 0, 'consume', '2018-10-04 01:06:12', '2018-10-04 01:06:12', NULL),
(390, 24, '0.00', 'money', 0, 'consume', '2018-10-04 01:06:16', '2018-10-04 01:06:16', NULL),
(391, 24, '0.00', 'money', 0, 'consume', '2018-10-04 01:06:20', '2018-10-04 01:06:20', NULL),
(392, 24, '0.00', 'money', 0, 'consume', '2018-10-04 01:06:23', '2018-10-04 01:06:23', NULL),
(393, 24, '0.00', 'money', 0, 'consume', '2018-10-04 01:06:27', '2018-10-04 01:06:27', NULL),
(394, 24, '0.00', 'money', 0, 'consume', '2018-10-04 01:26:48', '2018-10-04 01:26:48', NULL),
(395, 20, '0.00', 'money', 0, 'consume', '2018-10-04 02:20:57', '2018-10-04 02:20:57', NULL),
(396, 20, '0.00', 'money', 0, 'consume', '2018-10-04 06:39:44', '2018-10-04 06:39:44', NULL),
(397, 21, '0.00', 'money', 0, 'consume', '2018-10-04 10:27:06', '2018-10-04 10:27:06', NULL),
(398, 24, '0.00', 'money', 0, 'consume', '2018-10-04 12:55:25', '2018-10-04 12:55:25', NULL),
(399, 21, '0.00', 'money', 0, 'consume', '2018-10-04 13:13:55', '2018-10-04 13:13:55', NULL),
(400, 19, '0.00', 'money', 0, 'consume', '2018-10-04 16:06:20', '2018-10-04 16:06:20', NULL),
(401, 19, '0.00', 'money', 0, 'consume', '2018-10-04 16:08:36', '2018-10-04 16:08:36', NULL),
(402, 19, '0.00', 'money', 0, 'consume', '2018-10-04 16:09:34', '2018-10-04 16:09:34', NULL),
(403, 19, '0.00', 'money', 0, 'consume', '2018-10-04 16:10:41', '2018-10-04 16:10:41', NULL),
(404, 19, '0.00', 'money', 0, 'consume', '2018-10-04 16:13:28', '2018-10-04 16:13:28', NULL),
(405, 19, '0.00', 'money', 0, 'consume', '2018-10-04 16:15:26', '2018-10-04 16:15:26', NULL),
(406, 19, '0.00', 'money', 0, 'consume', '2018-10-04 16:17:39', '2018-10-04 16:17:39', NULL),
(407, 19, '0.00', 'money', 0, 'consume', '2018-10-04 16:20:13', '2018-10-04 16:20:13', NULL),
(408, 19, '0.00', 'money', 0, 'consume', '2018-10-04 16:23:59', '2018-10-04 16:23:59', NULL),
(409, 24, '0.00', 'money', 0, 'consume', '2018-10-05 01:12:25', '2018-10-05 01:12:25', NULL),
(410, 21, '0.00', 'money', 0, 'consume', '2018-10-05 02:01:37', '2018-10-05 02:01:37', NULL),
(411, 24, '0.00', 'money', 0, 'consume', '2018-10-05 02:44:08', '2018-10-05 02:44:08', NULL),
(412, 20, '0.00', 'money', 0, 'consume', '2018-10-05 03:38:30', '2018-10-05 03:38:30', NULL),
(413, 19, '0.00', 'money', 0, 'consume', '2018-10-05 04:13:58', '2018-10-05 04:13:58', NULL),
(414, 19, '0.00', 'money', 0, 'consume', '2018-10-05 04:18:46', '2018-10-05 04:18:46', NULL),
(415, 19, '0.00', 'money', 0, 'consume', '2018-10-05 04:26:12', '2018-10-05 04:26:12', NULL),
(416, 19, '0.00', 'money', 0, 'consume', '2018-10-05 04:33:04', '2018-10-05 04:33:04', NULL),
(417, 19, '0.00', 'money', 0, 'consume', '2018-10-05 04:33:25', '2018-10-05 04:33:25', NULL),
(418, 19, '0.00', 'money', 0, 'consume', '2018-10-05 04:34:32', '2018-10-05 04:34:32', NULL),
(419, 19, '0.00', 'money', 0, 'consume', '2018-10-05 06:09:42', '2018-10-05 06:09:42', NULL),
(420, 19, '0.00', 'money', 0, 'consume', '2018-10-05 06:15:28', '2018-10-05 06:15:28', NULL),
(421, 21, '0.00', 'money', 0, 'consume', '2018-10-05 10:13:00', '2018-10-05 10:13:00', NULL),
(422, 21, '0.00', 'money', 0, 'consume', '2018-10-05 10:55:56', '2018-10-05 10:55:56', NULL),
(423, 20, '0.00', 'money', 0, 'consume', '2018-10-05 11:55:02', '2018-10-05 11:55:02', NULL),
(424, 20, '0.00', 'money', 0, 'consume', '2018-10-05 12:00:00', '2018-10-05 12:00:00', NULL),
(425, 20, '0.00', 'money', 0, 'consume', '2018-10-05 12:05:35', '2018-10-05 12:05:35', NULL),
(426, 20, '0.00', 'money', 0, 'consume', '2018-10-05 12:07:48', '2018-10-05 12:07:48', NULL),
(427, 20, '0.00', 'money', 0, 'consume', '2018-10-05 12:19:33', '2018-10-05 12:19:33', NULL),
(428, 20, '0.00', 'money', 0, 'consume', '2018-10-05 12:20:15', '2018-10-05 12:20:15', NULL),
(429, 20, '0.00', 'money', 0, 'consume', '2018-10-05 12:27:41', '2018-10-05 12:27:41', NULL),
(430, 20, '0.00', 'money', 0, 'consume', '2018-10-05 12:29:57', '2018-10-05 12:29:57', NULL),
(431, 20, '0.00', 'money', 0, 'consume', '2018-10-05 12:36:58', '2018-10-05 12:36:58', NULL),
(432, 20, '0.00', 'money', 0, 'consume', '2018-10-05 12:52:09', '2018-10-05 12:52:09', NULL),
(433, 20, '0.00', 'money', 0, 'consume', '2018-10-05 12:55:13', '2018-10-05 12:55:13', NULL),
(434, 20, '0.00', 'money', 0, 'consume', '2018-10-05 13:06:12', '2018-10-05 13:06:12', NULL),
(435, 20, '0.00', 'money', 0, 'consume', '2018-10-05 13:23:03', '2018-10-05 13:23:03', NULL),
(436, 20, '0.00', 'money', 0, 'consume', '2018-10-05 13:29:25', '2018-10-05 13:29:25', NULL),
(437, 20, '0.00', 'money', 0, 'consume', '2018-10-05 13:45:39', '2018-10-05 13:45:39', NULL),
(438, 20, '0.00', 'money', 0, 'consume', '2018-10-05 13:48:45', '2018-10-05 13:48:45', NULL),
(439, 21, '0.00', 'money', 0, 'consume', '2018-10-05 13:51:11', '2018-10-05 13:51:11', NULL),
(440, 20, '0.00', 'money', 0, 'consume', '2018-10-05 14:10:05', '2018-10-05 14:10:05', NULL),
(441, 20, '0.00', 'money', 0, 'consume', '2018-10-05 14:27:05', '2018-10-05 14:27:05', NULL),
(442, 21, '0.00', 'money', 0, 'consume', '2018-10-05 14:29:46', '2018-10-05 14:29:46', NULL),
(443, 20, '0.00', 'money', 0, 'consume', '2018-10-06 00:40:46', '2018-10-06 00:40:46', NULL),
(444, 20, '0.00', 'money', 0, 'consume', '2018-10-06 00:53:30', '2018-10-06 00:53:30', NULL),
(445, 20, '0.00', 'money', 0, 'consume', '2018-10-06 01:05:37', '2018-10-06 01:05:37', NULL),
(446, 20, '0.00', 'money', 0, 'consume', '2018-10-06 01:09:02', '2018-10-06 01:09:02', NULL),
(447, 20, '0.00', 'money', 0, 'consume', '2018-10-06 01:10:05', '2018-10-06 01:10:05', NULL),
(448, 20, '0.00', 'money', 0, 'consume', '2018-10-06 01:10:30', '2018-10-06 01:10:30', NULL),
(449, 20, '0.00', 'money', 0, 'consume', '2018-10-06 01:42:17', '2018-10-06 01:42:17', NULL),
(450, 20, '0.00', 'money', 0, 'consume', '2018-10-06 01:45:35', '2018-10-06 01:45:35', NULL),
(451, 20, '0.00', 'money', 0, 'consume', '2018-10-06 02:04:48', '2018-10-06 02:04:48', NULL),
(452, 18, '0.00', 'money', 0, 'consume', '2018-10-06 03:15:16', '2018-10-06 03:15:16', NULL),
(453, 20, '0.00', 'money', 0, 'consume', '2018-10-06 03:19:33', '2018-10-06 03:19:33', NULL),
(454, 18, '0.00', 'money', 0, 'consume', '2018-10-06 03:20:35', '2018-10-06 03:20:35', NULL),
(455, 19, '0.00', 'money', 0, 'consume', '2018-10-06 03:38:14', '2018-10-06 03:38:14', NULL),
(456, 20, '0.00', 'money', 0, 'consume', '2018-10-06 04:48:29', '2018-10-06 04:48:29', NULL),
(457, 20, '0.00', 'money', 0, 'consume', '2018-10-06 04:51:00', '2018-10-06 04:51:00', NULL),
(458, 18, '0.00', 'money', 0, 'consume', '2018-10-06 04:59:20', '2018-10-06 04:59:20', NULL),
(459, 19, '0.00', 'money', 0, 'consume', '2018-10-06 05:01:50', '2018-10-06 05:01:50', NULL),
(460, 18, '0.00', 'money', 0, 'consume', '2018-10-06 05:11:28', '2018-10-06 05:11:28', NULL),
(461, 18, '0.00', 'money', 0, 'consume', '2018-10-06 05:12:08', '2018-10-06 05:12:08', NULL),
(462, 18, '0.00', 'money', 0, 'consume', '2018-10-06 05:13:17', '2018-10-06 05:13:17', NULL),
(463, 18, '0.00', 'money', 0, 'consume', '2018-10-06 05:13:49', '2018-10-06 05:13:49', NULL),
(464, 18, '0.00', 'money', 0, 'consume', '2018-10-06 05:14:18', '2018-10-06 05:14:18', NULL),
(465, 19, '0.00', 'money', 0, 'consume', '2018-10-06 05:14:34', '2018-10-06 05:14:34', NULL),
(466, 18, '0.00', 'money', 0, 'consume', '2018-10-06 05:15:58', '2018-10-06 05:15:58', NULL),
(467, 18, '0.00', 'money', 0, 'consume', '2018-10-06 05:16:28', '2018-10-06 05:16:28', NULL),
(468, 18, '0.00', 'money', 0, 'consume', '2018-10-06 05:17:28', '2018-10-06 05:17:28', NULL),
(469, 18, '0.00', 'money', 0, 'consume', '2018-10-06 05:20:03', '2018-10-06 05:20:03', NULL),
(470, 18, '0.00', 'money', 0, 'consume', '2018-10-06 05:20:58', '2018-10-06 05:20:58', NULL),
(471, 18, '0.00', 'money', 0, 'consume', '2018-10-06 05:21:24', '2018-10-06 05:21:24', NULL),
(472, 20, '0.00', 'money', 0, 'consume', '2018-10-06 05:22:03', '2018-10-06 05:22:03', NULL),
(473, 18, '0.00', 'money', 0, 'consume', '2018-10-06 05:22:13', '2018-10-06 05:22:13', NULL),
(474, 18, '0.00', 'money', 0, 'consume', '2018-10-06 05:22:47', '2018-10-06 05:22:47', NULL),
(475, 18, '0.00', 'money', 0, 'consume', '2018-10-06 05:23:52', '2018-10-06 05:23:52', NULL),
(476, 18, '0.00', 'money', 0, 'consume', '2018-10-06 05:24:49', '2018-10-06 05:24:49', NULL),
(477, 18, '0.00', 'money', 0, 'consume', '2018-10-06 05:25:14', '2018-10-06 05:25:14', NULL),
(478, 18, '0.00', 'money', 0, 'consume', '2018-10-06 05:25:40', '2018-10-06 05:25:40', NULL),
(479, 20, '0.00', 'money', 0, 'consume', '2018-10-06 05:59:55', '2018-10-06 05:59:55', NULL),
(480, 20, '0.00', 'money', 0, 'consume', '2018-10-06 06:11:45', '2018-10-06 06:11:45', NULL),
(481, 20, '0.00', 'money', 0, 'consume', '2018-10-06 06:12:15', '2018-10-06 06:12:15', NULL),
(482, 20, '0.00', 'money', 0, 'consume', '2018-10-06 07:07:18', '2018-10-06 07:07:18', NULL),
(483, 20, '0.00', 'money', 0, 'consume', '2018-10-06 07:16:54', '2018-10-06 07:16:54', NULL),
(484, 19, '0.00', 'money', 0, 'consume', '2018-10-06 07:36:59', '2018-10-06 07:36:59', NULL),
(485, 20, '0.00', 'money', 0, 'consume', '2018-10-06 07:37:15', '2018-10-06 07:37:15', NULL),
(486, 20, '0.00', 'money', 0, 'consume', '2018-10-06 08:13:29', '2018-10-06 08:13:29', NULL),
(487, 19, '0.00', 'money', 0, 'consume', '2018-10-06 08:38:28', '2018-10-06 08:38:28', NULL),
(488, 20, '0.00', 'money', 0, 'consume', '2018-10-06 09:00:39', '2018-10-06 09:00:39', NULL),
(489, 20, '0.00', 'money', 0, 'consume', '2018-10-06 09:01:14', '2018-10-06 09:01:14', NULL),
(490, 18, '0.00', 'money', 0, 'consume', '2018-10-06 10:00:12', '2018-10-06 10:00:12', NULL),
(491, 21, '0.00', 'money', 0, 'consume', '2018-10-06 12:56:59', '2018-10-06 12:56:59', NULL),
(492, 19, '0.00', 'money', 0, 'consume', '2018-10-06 13:02:39', '2018-10-06 13:02:39', NULL),
(493, 19, '0.00', 'money', 0, 'consume', '2018-10-06 13:07:05', '2018-10-06 13:07:05', NULL),
(494, 20, '0.00', 'money', 0, 'consume', '2018-10-06 13:10:55', '2018-10-06 13:10:55', NULL),
(495, 20, '0.00', 'money', 0, 'consume', '2018-10-06 13:12:41', '2018-10-06 13:12:41', NULL),
(496, 24, '0.00', 'money', 0, 'consume', '2018-10-06 13:28:23', '2018-10-06 13:28:23', NULL),
(497, 24, '0.00', 'money', 0, 'consume', '2018-10-06 13:30:38', '2018-10-06 13:30:38', NULL),
(498, 24, '0.00', 'money', 0, 'consume', '2018-10-06 13:33:27', '2018-10-06 13:33:27', NULL),
(499, 24, '0.00', 'money', 0, 'consume', '2018-10-06 13:36:25', '2018-10-06 13:36:25', NULL),
(500, 24, '0.00', 'money', 0, 'consume', '2018-10-06 13:39:31', '2018-10-06 13:39:31', NULL),
(501, 24, '0.00', 'money', 0, 'consume', '2018-10-06 13:41:55', '2018-10-06 13:41:55', NULL),
(502, 24, '0.00', 'money', 0, 'consume', '2018-10-06 13:56:42', '2018-10-06 13:56:42', NULL),
(503, 18, '0.00', 'money', 0, 'consume', '2018-10-06 14:34:29', '2018-10-06 14:34:29', NULL),
(504, 18, '0.00', 'money', 0, 'consume', '2018-10-06 14:57:14', '2018-10-06 14:57:14', NULL),
(505, 20, '0.00', 'money', 0, 'consume', '2018-10-06 16:01:01', '2018-10-06 16:01:01', NULL),
(506, 18, '0.00', 'money', 0, 'consume', '2018-10-06 16:32:37', '2018-10-06 16:32:37', NULL),
(507, 18, '0.00', 'money', 0, 'consume', '2018-10-06 16:33:21', '2018-10-06 16:33:21', NULL),
(508, 18, '0.00', 'money', 0, 'consume', '2018-10-06 16:34:53', '2018-10-06 16:34:53', NULL),
(509, 18, '0.00', 'money', 0, 'consume', '2018-10-06 16:35:52', '2018-10-06 16:35:52', NULL),
(510, 18, '0.00', 'money', 0, 'consume', '2018-10-06 16:36:30', '2018-10-06 16:36:30', NULL),
(511, 18, '0.00', 'money', 0, 'consume', '2018-10-06 16:36:54', '2018-10-06 16:36:54', NULL),
(512, 18, '0.00', 'money', 0, 'consume', '2018-10-06 16:37:58', '2018-10-06 16:37:58', NULL),
(513, 18, '0.00', 'money', 0, 'consume', '2018-10-06 16:38:37', '2018-10-06 16:38:37', NULL),
(514, 18, '0.00', 'money', 0, 'consume', '2018-10-06 16:41:34', '2018-10-06 16:41:34', NULL),
(515, 18, '0.00', 'money', 0, 'consume', '2018-10-06 16:42:18', '2018-10-06 16:42:18', NULL),
(516, 18, '0.00', 'money', 0, 'consume', '2018-10-06 16:43:40', '2018-10-06 16:43:40', NULL),
(517, 18, '0.00', 'money', 0, 'consume', '2018-10-06 16:44:10', '2018-10-06 16:44:10', NULL),
(518, 18, '0.00', 'money', 0, 'consume', '2018-10-06 16:44:41', '2018-10-06 16:44:41', NULL),
(519, 18, '0.00', 'money', 0, 'consume', '2018-10-06 16:45:32', '2018-10-06 16:45:32', NULL),
(520, 18, '0.00', 'money', 0, 'consume', '2018-10-06 16:47:24', '2018-10-06 16:47:24', NULL),
(521, 18, '0.00', 'money', 0, 'consume', '2018-10-06 16:47:50', '2018-10-06 16:47:50', NULL),
(522, 18, '0.00', 'money', 0, 'consume', '2018-10-06 16:48:29', '2018-10-06 16:48:29', NULL),
(523, 18, '0.00', 'money', 0, 'consume', '2018-10-06 16:48:53', '2018-10-06 16:48:53', NULL),
(524, 18, '0.00', 'money', 0, 'consume', '2018-10-06 16:49:18', '2018-10-06 16:49:18', NULL),
(525, 19, '0.00', 'money', 0, 'consume', '2018-10-07 01:26:43', '2018-10-07 01:26:43', NULL),
(526, 21, '0.00', 'money', 0, 'consume', '2018-10-07 01:37:06', '2018-10-07 01:37:06', NULL),
(527, 20, '0.00', 'money', 0, 'consume', '2018-10-07 01:42:25', '2018-10-07 01:42:25', NULL),
(528, 20, '0.00', 'money', 0, 'consume', '2018-10-07 02:23:15', '2018-10-07 02:23:15', NULL),
(529, 20, '0.00', 'money', 0, 'consume', '2018-10-07 02:24:37', '2018-10-07 02:24:37', NULL),
(530, 20, '0.00', 'money', 0, 'consume', '2018-10-07 02:26:22', '2018-10-07 02:26:22', NULL),
(531, 20, '0.00', 'money', 0, 'consume', '2018-10-07 02:31:43', '2018-10-07 02:31:43', NULL),
(532, 20, '0.00', 'money', 0, 'consume', '2018-10-07 02:38:30', '2018-10-07 02:38:30', NULL),
(533, 20, '0.00', 'money', 0, 'consume', '2018-10-07 02:42:02', '2018-10-07 02:42:02', NULL),
(534, 20, '0.00', 'money', 0, 'consume', '2018-10-07 02:51:23', '2018-10-07 02:51:23', NULL),
(535, 19, '0.00', 'money', 0, 'consume', '2018-10-07 03:40:47', '2018-10-07 03:40:47', NULL),
(536, 19, '0.00', 'money', 0, 'consume', '2018-10-07 03:49:59', '2018-10-07 03:49:59', NULL),
(537, 19, '0.00', 'money', 0, 'consume', '2018-10-07 03:52:09', '2018-10-07 03:52:09', NULL),
(538, 20, '0.00', 'money', 0, 'consume', '2018-10-07 04:23:53', '2018-10-07 04:23:53', NULL),
(539, 20, '0.00', 'money', 0, 'consume', '2018-10-07 05:19:24', '2018-10-07 05:19:24', NULL),
(540, 20, '0.00', 'money', 0, 'consume', '2018-10-07 05:39:38', '2018-10-07 05:39:38', NULL),
(541, 19, '0.00', 'money', 0, 'consume', '2018-10-07 06:22:16', '2018-10-07 06:22:16', NULL),
(542, 19, '0.00', 'money', 0, 'consume', '2018-10-07 08:17:18', '2018-10-07 08:17:18', NULL),
(543, 18, '0.00', 'money', 0, 'consume', '2018-10-07 08:34:24', '2018-10-07 08:34:24', NULL);
INSERT INTO `cashlog` (`id`, `uid`, `money`, `type`, `point`, `mark`, `created_at`, `updated_at`, `deleted_at`) VALUES
(544, 21, '0.00', 'money', 0, 'consume', '2018-10-07 09:30:40', '2018-10-07 09:30:40', NULL),
(545, 24, '0.00', 'money', 0, 'consume', '2018-10-07 09:31:23', '2018-10-07 09:31:23', NULL),
(546, 24, '0.00', 'money', 0, 'consume', '2018-10-07 09:36:36', '2018-10-07 09:36:36', NULL),
(547, 24, '0.00', 'money', 0, 'consume', '2018-10-07 09:38:15', '2018-10-07 09:38:15', NULL),
(548, 24, '0.00', 'money', 0, 'consume', '2018-10-07 09:39:59', '2018-10-07 09:39:59', NULL),
(549, 24, '0.00', 'money', 0, 'consume', '2018-10-07 09:41:43', '2018-10-07 09:41:43', NULL),
(550, 24, '0.00', 'money', 0, 'consume', '2018-10-07 09:43:24', '2018-10-07 09:43:24', NULL),
(551, 24, '0.00', 'money', 0, 'consume', '2018-10-07 09:44:58', '2018-10-07 09:44:58', NULL),
(552, 24, '0.00', 'money', 0, 'consume', '2018-10-07 09:47:13', '2018-10-07 09:47:13', NULL),
(553, 24, '0.00', 'money', 0, 'consume', '2018-10-07 09:50:44', '2018-10-07 09:50:44', NULL),
(554, 24, '0.00', 'money', 0, 'consume', '2018-10-07 10:09:56', '2018-10-07 10:09:56', NULL),
(555, 24, '0.00', 'money', 0, 'consume', '2018-10-07 10:12:28', '2018-10-07 10:12:28', NULL),
(556, 24, '0.00', 'money', 0, 'consume', '2018-10-07 10:14:30', '2018-10-07 10:14:30', NULL),
(557, 24, '0.00', 'money', 0, 'consume', '2018-10-07 10:16:34', '2018-10-07 10:16:34', NULL),
(558, 24, '0.00', 'money', 0, 'consume', '2018-10-07 10:19:23', '2018-10-07 10:19:23', NULL),
(559, 24, '0.00', 'money', 0, 'consume', '2018-10-07 10:21:22', '2018-10-07 10:21:22', NULL),
(560, 24, '0.00', 'money', 0, 'consume', '2018-10-07 10:23:34', '2018-10-07 10:23:34', NULL),
(561, 24, '0.00', 'money', 0, 'consume', '2018-10-07 10:25:46', '2018-10-07 10:25:46', NULL),
(562, 24, '0.00', 'money', 0, 'consume', '2018-10-07 10:27:53', '2018-10-07 10:27:53', NULL),
(563, 24, '0.00', 'money', 0, 'consume', '2018-10-07 10:29:48', '2018-10-07 10:29:48', NULL),
(564, 24, '0.00', 'money', 0, 'consume', '2018-10-07 10:33:11', '2018-10-07 10:33:11', NULL),
(565, 24, '0.00', 'money', 0, 'consume', '2018-10-07 10:39:23', '2018-10-07 10:39:23', NULL),
(566, 24, '0.00', 'money', 0, 'consume', '2018-10-07 10:42:26', '2018-10-07 10:42:26', NULL),
(567, 18, '0.00', 'money', 0, 'consume', '2018-10-07 10:53:08', '2018-10-07 10:53:08', NULL),
(568, 19, '0.00', 'money', 0, 'consume', '2018-10-07 11:40:35', '2018-10-07 11:40:35', NULL),
(569, 19, '0.00', 'money', 0, 'consume', '2018-10-07 12:16:16', '2018-10-07 12:16:16', NULL),
(570, 19, '0.00', 'money', 0, 'consume', '2018-10-07 12:22:02', '2018-10-07 12:22:02', NULL),
(571, 20, '0.00', 'money', 0, 'consume', '2018-10-07 13:07:42', '2018-10-07 13:07:42', NULL),
(572, 24, '0.00', 'money', 0, 'consume', '2018-10-07 13:20:40', '2018-10-07 13:20:40', NULL),
(573, 24, '0.00', 'money', 0, 'consume', '2018-10-07 13:20:40', '2018-10-07 13:20:40', NULL),
(574, 24, '0.00', 'money', 0, 'consume', '2018-10-07 13:26:15', '2018-10-07 13:26:15', NULL),
(575, 24, '0.00', 'money', 0, 'consume', '2018-10-07 13:28:18', '2018-10-07 13:28:18', NULL),
(576, 24, '0.00', 'money', 0, 'consume', '2018-10-07 13:30:30', '2018-10-07 13:30:30', NULL),
(577, 24, '0.00', 'money', 0, 'consume', '2018-10-07 13:32:51', '2018-10-07 13:32:51', NULL),
(578, 24, '0.00', 'money', 0, 'consume', '2018-10-07 13:35:18', '2018-10-07 13:35:18', NULL),
(579, 20, '0.00', 'money', 0, 'consume', '2018-10-07 13:45:20', '2018-10-07 13:45:20', NULL),
(580, 20, '0.00', 'money', 0, 'consume', '2018-10-08 00:45:09', '2018-10-08 00:45:09', NULL),
(581, 20, '0.00', 'money', 0, 'consume', '2018-10-08 01:03:03', '2018-10-08 01:03:03', NULL),
(582, 20, '0.00', 'money', 0, 'consume', '2018-10-08 01:41:59', '2018-10-08 01:41:59', NULL),
(583, 20, '0.00', 'money', 0, 'consume', '2018-10-08 02:10:10', '2018-10-08 02:10:10', NULL),
(584, 20, '0.00', 'money', 0, 'consume', '2018-10-08 02:12:54', '2018-10-08 02:12:54', NULL),
(585, 20, '0.00', 'money', 0, 'consume', '2018-10-08 02:13:13', '2018-10-08 02:13:13', NULL),
(586, 20, '0.00', 'money', 0, 'consume', '2018-10-08 02:17:08', '2018-10-08 02:17:08', NULL),
(587, 20, '0.00', 'money', 0, 'consume', '2018-10-08 02:33:14', '2018-10-08 02:33:14', NULL),
(588, 20, '0.00', 'money', 0, 'consume', '2018-10-08 02:39:30', '2018-10-08 02:39:30', NULL),
(589, 20, '0.00', 'money', 0, 'consume', '2018-10-08 02:40:03', '2018-10-08 02:40:03', NULL),
(590, 21, '0.00', 'money', 0, 'consume', '2018-10-08 03:04:43', '2018-10-08 03:04:43', NULL),
(591, 20, '0.00', 'money', 0, 'consume', '2018-10-08 03:16:45', '2018-10-08 03:16:45', NULL),
(592, 18, '0.00', 'money', 0, 'consume', '2018-10-08 03:22:19', '2018-10-08 03:22:19', NULL),
(593, 20, '0.00', 'money', 0, 'consume', '2018-10-08 03:24:47', '2018-10-08 03:24:47', NULL),
(594, 21, '0.00', 'money', 0, 'consume', '2018-10-08 03:29:20', '2018-10-08 03:29:20', NULL),
(595, 18, '0.00', 'money', 0, 'consume', '2018-10-08 04:13:27', '2018-10-08 04:13:27', NULL),
(596, 20, '0.00', 'money', 0, 'consume', '2018-10-08 05:20:03', '2018-10-08 05:20:03', NULL),
(597, 20, '0.00', 'money', 0, 'consume', '2018-10-08 05:21:51', '2018-10-08 05:21:51', NULL),
(598, 20, '0.00', 'money', 0, 'consume', '2018-10-08 05:23:00', '2018-10-08 05:23:00', NULL),
(599, 20, '0.00', 'money', 0, 'consume', '2018-10-08 05:33:21', '2018-10-08 05:33:21', NULL),
(600, 20, '0.00', 'money', 0, 'consume', '2018-10-08 05:38:10', '2018-10-08 05:38:10', NULL),
(601, 20, '0.00', 'money', 0, 'consume', '2018-10-08 05:39:38', '2018-10-08 05:39:38', NULL),
(602, 20, '0.00', 'money', 0, 'consume', '2018-10-08 05:40:50', '2018-10-08 05:40:50', NULL),
(603, 18, '0.00', 'money', 0, 'consume', '2018-10-08 05:41:50', '2018-10-08 05:41:50', NULL),
(604, 20, '0.00', 'money', 0, 'consume', '2018-10-08 06:14:34', '2018-10-08 06:14:34', NULL),
(605, 21, '0.00', 'money', 0, 'consume', '2018-10-08 06:16:04', '2018-10-08 06:16:04', NULL),
(606, 20, '0.00', 'money', 0, 'consume', '2018-10-08 06:16:52', '2018-10-08 06:16:52', NULL),
(607, 20, '0.00', 'money', 0, 'consume', '2018-10-08 06:57:31', '2018-10-08 06:57:31', NULL),
(608, 20, '0.00', 'money', 0, 'consume', '2018-10-08 08:41:23', '2018-10-08 08:41:23', NULL),
(609, 18, '0.00', 'money', 0, 'consume', '2018-10-08 08:45:22', '2018-10-08 08:45:22', NULL),
(610, 18, '0.00', 'money', 0, 'consume', '2018-10-08 09:02:56', '2018-10-08 09:02:56', NULL),
(611, 20, '0.00', 'money', 0, 'consume', '2018-10-08 09:16:09', '2018-10-08 09:16:09', NULL),
(612, 20, '0.00', 'money', 0, 'consume', '2018-10-09 01:32:06', '2018-10-09 01:32:06', NULL),
(613, 18, '0.00', 'money', 0, 'consume', '2018-10-09 02:26:41', '2018-10-09 02:26:41', NULL),
(614, 20, '0.00', 'money', 0, 'consume', '2018-10-09 02:37:59', '2018-10-09 02:37:59', NULL),
(615, 20, '0.00', 'money', 0, 'consume', '2018-10-09 02:40:17', '2018-10-09 02:40:17', NULL),
(616, 21, '0.00', 'money', 0, 'consume', '2018-10-09 03:16:47', '2018-10-09 03:16:47', NULL),
(617, 20, '0.00', 'money', 0, 'consume', '2018-10-09 03:21:12', '2018-10-09 03:21:12', NULL),
(618, 19, '0.00', 'money', 0, 'consume', '2018-10-09 04:11:10', '2018-10-09 04:11:10', NULL),
(619, 20, '0.00', 'money', 0, 'consume', '2018-10-09 05:05:18', '2018-10-09 05:05:18', NULL),
(620, 18, '0.00', 'money', 0, 'consume', '2018-10-09 05:12:22', '2018-10-09 05:12:22', NULL),
(621, 18, '0.00', 'money', 0, 'consume', '2018-10-09 05:13:09', '2018-10-09 05:13:09', NULL),
(622, 20, '0.00', 'money', 0, 'consume', '2018-10-09 06:36:43', '2018-10-09 06:36:43', NULL),
(623, 20, '0.00', 'money', 0, 'consume', '2018-10-09 06:52:28', '2018-10-09 06:52:28', NULL),
(624, 21, '0.00', 'money', 0, 'consume', '2018-10-09 06:55:53', '2018-10-09 06:55:53', NULL),
(625, 18, '0.00', 'money', 0, 'consume', '2018-10-09 07:24:30', '2018-10-09 07:24:30', NULL),
(626, 20, '0.00', 'money', 0, 'consume', '2018-10-09 07:31:15', '2018-10-09 07:31:15', NULL),
(627, 18, '0.00', 'money', 0, 'consume', '2018-10-09 08:17:47', '2018-10-09 08:17:47', NULL),
(628, 20, '0.00', 'money', 0, 'consume', '2018-10-09 08:26:02', '2018-10-09 08:26:02', NULL),
(629, 20, '0.00', 'money', 0, 'consume', '2018-10-09 09:01:43', '2018-10-09 09:01:43', NULL),
(630, 18, '0.00', 'money', 0, 'consume', '2018-10-09 10:53:08', '2018-10-09 10:53:08', NULL),
(631, 20, '0.00', 'money', 0, 'consume', '2018-10-09 13:05:31', '2018-10-09 13:05:31', NULL),
(632, 20, '0.00', 'money', 0, 'consume', '2018-10-09 13:15:26', '2018-10-09 13:15:26', NULL),
(633, 20, '0.00', 'money', 0, 'consume', '2018-10-09 13:16:11', '2018-10-09 13:16:11', NULL),
(634, 20, '0.00', 'money', 0, 'consume', '2018-10-09 14:38:12', '2018-10-09 14:38:12', NULL),
(635, 20, '0.00', 'money', 0, 'consume', '2018-10-09 14:40:04', '2018-10-09 14:40:04', NULL),
(636, 20, '0.00', 'money', 0, 'consume', '2018-10-09 14:40:34', '2018-10-09 14:40:34', NULL),
(637, 20, '0.00', 'money', 0, 'consume', '2018-10-09 14:41:03', '2018-10-09 14:41:03', NULL),
(638, 20, '0.00', 'money', 0, 'consume', '2018-10-09 14:41:36', '2018-10-09 14:41:36', NULL),
(639, 20, '0.00', 'money', 0, 'consume', '2018-10-09 14:42:33', '2018-10-09 14:42:33', NULL),
(640, 20, '0.00', 'money', 0, 'consume', '2018-10-09 14:43:35', '2018-10-09 14:43:35', NULL),
(641, 20, '0.00', 'money', 0, 'consume', '2018-10-09 14:44:01', '2018-10-09 14:44:01', NULL),
(642, 19, '0.00', 'money', 0, 'consume', '2018-10-09 14:55:15', '2018-10-09 14:55:15', NULL),
(643, 19, '0.00', 'money', 0, 'consume', '2018-10-09 15:12:21', '2018-10-09 15:12:21', NULL),
(644, 19, '0.00', 'money', 0, 'consume', '2018-10-09 15:22:37', '2018-10-09 15:22:37', NULL),
(645, 19, '0.00', 'money', 0, 'consume', '2018-10-09 15:23:36', '2018-10-09 15:23:36', NULL),
(646, 19, '0.00', 'money', 0, 'consume', '2018-10-09 15:24:26', '2018-10-09 15:24:26', NULL),
(647, 19, '0.00', 'money', 0, 'consume', '2018-10-09 15:28:58', '2018-10-09 15:28:58', NULL),
(648, 19, '0.00', 'money', 0, 'consume', '2018-10-09 15:30:27', '2018-10-09 15:30:27', NULL),
(649, 19, '0.00', 'money', 0, 'consume', '2018-10-09 15:31:06', '2018-10-09 15:31:06', NULL),
(650, 19, '0.00', 'money', 0, 'consume', '2018-10-09 15:31:48', '2018-10-09 15:31:48', NULL),
(651, 19, '0.00', 'money', 0, 'consume', '2018-10-09 15:32:42', '2018-10-09 15:32:42', NULL),
(652, 19, '0.00', 'money', 0, 'consume', '2018-10-09 15:33:22', '2018-10-09 15:33:22', NULL),
(653, 19, '0.00', 'money', 0, 'consume', '2018-10-09 15:34:01', '2018-10-09 15:34:01', NULL),
(654, 19, '0.00', 'money', 0, 'consume', '2018-10-09 15:35:21', '2018-10-09 15:35:21', NULL),
(655, 19, '0.00', 'money', 0, 'consume', '2018-10-09 15:36:32', '2018-10-09 15:36:32', NULL),
(656, 19, '0.00', 'money', 0, 'consume', '2018-10-09 15:38:47', '2018-10-09 15:38:47', NULL),
(657, 19, '0.00', 'money', 0, 'consume', '2018-10-09 15:47:31', '2018-10-09 15:47:31', NULL),
(658, 19, '0.00', 'money', 0, 'consume', '2018-10-09 15:51:40', '2018-10-09 15:51:40', NULL),
(659, 19, '0.00', 'money', 0, 'consume', '2018-10-09 16:03:39', '2018-10-09 16:03:39', NULL),
(660, 15, '0.00', 'money', 0, 'consume', '2019-02-20 01:06:35', '2019-02-20 01:06:35', NULL),
(661, 2, '0.00', 'money', 0, 'consume', '2019-02-20 01:24:08', '2019-02-20 01:24:08', NULL),
(662, 2, '0.00', 'money', 0, 'consume', '2019-02-20 01:51:12', '2019-02-20 01:51:12', NULL),
(663, 15, '0.00', 'money', 0, 'consume', '2019-02-20 01:53:24', '2019-02-20 01:53:24', NULL);

-- --------------------------------------------------------

--
-- 表的结构 `chargelog`
--

CREATE TABLE `chargelog` (
  `id` int(10) UNSIGNED NOT NULL,
  `pwd_id` int(11) NOT NULL DEFAULT '0',
  `password` varchar(191) COLLATE utf8mb4_unicode_ci NOT NULL,
  `created_at` timestamp NULL DEFAULT NULL,
  `updated_at` timestamp NULL DEFAULT NULL,
  `deleted_at` timestamp NULL DEFAULT NULL
) ENGINE=InnoDB DEFAULT CHARSET=utf8mb4 COLLATE=utf8mb4_unicode_ci;

--
-- 转存表中的数据 `chargelog`
--

INSERT INTO `chargelog` (`id`, `pwd_id`, `password`, `created_at`, `updated_at`, `deleted_at`) VALUES
(3, 10970, '7ae0ccf4464f243d', '2019-03-02 02:18:19', '2019-03-02 02:18:19', NULL);

-- --------------------------------------------------------

--
-- 表的结构 `combo`
--

CREATE TABLE `combo` (
  `id` int(11) NOT NULL,
  `name` varchar(50) COLLATE utf8mb4_unicode_ci DEFAULT NULL,
  `price` decimal(10,2) NOT NULL,
  `type` varchar(50) COLLATE utf8mb4_unicode_ci DEFAULT NULL,
  `timelong` varchar(50) COLLATE utf8mb4_unicode_ci DEFAULT NULL,
  `count` int(11) NOT NULL DEFAULT '0',
  `point` int(11) NOT NULL DEFAULT '0',
  `isopen` int(11) NOT NULL DEFAULT '0',
  `is_private` int(11) NOT NULL DEFAULT '0',
  `created_at` timestamp NULL DEFAULT NULL,
  `updated_at` timestamp NULL DEFAULT NULL,
  `deleted_at` timestamp NULL DEFAULT NULL
) ENGINE=InnoDB DEFAULT CHARSET=utf8mb4 COLLATE=utf8mb4_unicode_ci;

--
-- 转存表中的数据 `combo`
--

INSERT INTO `combo` (`id`, `name`, `price`, `type`, `timelong`, `count`, `point`, `isopen`, `is_private`, `created_at`, `updated_at`, `deleted_at`) VALUES
(1, '一天体验卡(共10次)', '2.80', 'count', '1', 10, 0, 1, 0, '2018-09-28 05:23:54', '2018-10-10 02:36:47', NULL),
(2, '全网通月卡(5次)', '8.00', 'day', '30', 50, 0, 1, 0, '2018-09-28 05:25:39', '2018-10-01 03:14:57', NULL),
(3, '全网通年卡(10次)', '48.00', 'day', '365', 110, 1000, 1, 0, '2018-09-28 05:29:49', '2018-12-04 06:14:31', NULL),
(4, '全网通终身(15次)', '118.00', 'day', '0', 180, 2800, 1, 0, '2018-09-28 05:32:40', '2018-09-28 06:13:03', NULL),
(5, '全网通终身(25次)', '178.00', 'day', '0', 300, 4000, 1, 0, '2018-09-28 05:37:12', '2018-09-29 03:09:36', NULL),
(6, '全网通终身(40次)', '258.00', 'day', '0', 480, 8000, 1, 0, '2018-09-28 06:06:27', '2018-09-28 06:06:50', NULL),
(7, '千图终身(10次)', '19.00', 'day', '0', 10, 0, 1, 0, '2018-09-28 06:09:47', '2018-11-16 08:54:22', NULL),
(8, '全网通终身(10次)', '88.00', 'day', '0', 110, 2500, 1, 0, '2018-09-28 06:12:14', '2018-09-28 06:12:14', NULL),
(9, '摄图网终身(10次)', '19.00', 'day', '0', 10, 0, 1, 0, '2018-09-28 06:54:14', '2018-11-15 13:19:53', NULL),
(10, '包图终身(10次)', '30.00', 'day', '0', 10, 0, 1, 0, '2018-09-28 07:06:26', '2018-11-15 13:19:25', NULL),
(11, '共享分(1000分)', '4.00', 'day', '0', 0, 1000, 1, 0, '2018-09-28 07:12:39', '2018-09-29 00:33:13', NULL),
(12, '共享分(5000分)', '15.00', 'day', '0', 0, 5000, 1, 0, '2018-09-29 00:36:48', '2018-09-29 00:36:48', NULL),
(13, '共享分(10000分)', '28.00', 'day', '0', 0, 10000, 1, 0, '2018-09-29 00:37:53', '2018-09-29 00:37:53', NULL),
(14, '共享分(30000分)', '65.00', 'day', '0', 0, 30000, 1, 0, '2018-09-29 00:39:32', '2018-09-29 00:39:32', NULL),
(15, '千库终身(10次)', '22.00', 'day', '0', 10, 0, 1, 0, '2018-09-29 00:41:22', '2018-11-16 08:54:32', NULL),
(16, '我图终身(10次)', '18.00', 'day', '0', 10, 0, 1, 0, '2018-09-29 00:41:53', '2018-10-01 03:27:47', NULL),
(17, '全网通终身(20次)', '138.00', 'day', '0', 240, 4000, 1, 0, '2018-09-29 02:48:23', '2018-09-29 02:48:23', NULL),
(18, '熊猫办公终身(20次)', '32.00', 'day', '0', 20, 0, 1, 0, '2018-09-29 02:55:06', '2018-09-29 02:55:06', NULL),
(19, '包图终身(20次)', '45.00', 'day', '0', 20, 0, 1, 0, '2018-09-29 03:29:51', '2018-09-29 06:56:02', NULL),
(20, '全网通终身(50次)', '298.00', 'day', '0', 600, 12000, 1, 0, '2018-09-29 03:34:23', '2018-09-29 03:34:23', NULL),
(21, '我图终身(20次)', '32.00', 'day', '0', 20, 0, 1, 0, '2018-09-29 06:54:23', '2018-09-29 06:55:50', NULL),
(22, '千库终身(20次)', '32.00', 'day', '0', 20, 0, 1, 0, '2018-09-29 07:07:20', '2018-09-29 07:07:20', NULL),
(23, '千图终身(20次)', '32.00', 'day', '0', 20, 0, 1, 0, '2018-09-29 07:30:43', '2018-09-29 07:30:43', NULL),
(24, '90设计终身(20次)', '32.00', 'day', '0', 20, 0, 1, 0, '2018-09-29 07:31:08', '2018-09-29 07:31:08', NULL),
(25, '全网通周卡(10次)', '18.00', 'day', '7', 100, 0, 1, 0, '2018-09-30 09:20:25', '2018-09-30 09:20:25', NULL),
(1119, '全新自定义', '8.00', 'day', '1', 14, 9, 1, 0, '2019-02-19 07:56:59', '2019-02-19 07:59:06', NULL),
(1120, '私人定制', '8.00', 'day', '0', 17, 80, 1, 1, '2019-02-20 01:06:35', '2019-02-20 01:06:35', NULL),
(1122, '按次计算', '5.00', 'count', '0', 10, 20, 1, 0, '2019-02-20 01:49:04', '2019-02-20 01:49:04', NULL),
(1124, '私人定制', '9.00', 'count', '0', 30, 50, 1, 1, '2019-02-20 01:53:23', '2019-02-20 01:53:23', NULL);

-- --------------------------------------------------------

--
-- 表的结构 `combo_site`
--

CREATE TABLE `combo_site` (
  `id` int(11) NOT NULL,
  `website_id` int(11) NOT NULL,
  `combo_id` int(11) NOT NULL,
  `count` int(11) DEFAULT '0',
  `created_at` timestamp NOT NULL DEFAULT CURRENT_TIMESTAMP,
  `updated_at` datetime DEFAULT NULL,
  `deleted_at` datetime DEFAULT NULL
) ENGINE=InnoDB DEFAULT CHARSET=utf8mb4 COLLATE=utf8mb4_unicode_ci;

--
-- 转存表中的数据 `combo_site`
--

INSERT INTO `combo_site` (`id`, `website_id`, `combo_id`, `count`, `created_at`, `updated_at`, `deleted_at`) VALUES
(1, 1, 1, 0, '2018-09-28 05:23:54', '2018-10-10 10:36:47', NULL),
(2, 2, 1, 0, '2018-09-28 05:23:54', '2018-10-10 10:36:47', NULL),
(3, 4, 1, 0, '2018-09-28 05:23:54', '2018-10-10 10:36:47', NULL),
(4, 5, 1, 0, '2018-09-28 05:23:54', '2018-10-10 10:36:47', NULL),
(5, 6, 1, 0, '2018-09-28 05:23:54', '2018-10-10 10:36:47', NULL),
(6, 8, 1, 0, '2018-09-28 05:23:54', '2018-10-10 10:36:47', NULL),
(7, 9, 1, 0, '2018-09-28 05:23:54', '2018-10-10 10:36:47', NULL),
(8, 10, 1, 0, '2018-09-28 05:23:54', '2018-10-10 10:36:47', NULL),
(9, 11, 1, 0, '2018-09-28 05:23:54', '2018-10-10 10:36:47', NULL),
(10, 13, 1, 0, '2018-09-28 05:23:54', '2018-10-10 10:36:47', NULL),
(11, 1, 2, 5, '2018-09-28 05:25:39', '2018-10-01 11:14:57', NULL),
(12, 2, 2, 5, '2018-09-28 05:25:39', '2018-10-01 11:14:57', NULL),
(13, 4, 2, 5, '2018-09-28 05:25:39', '2018-10-01 11:14:57', NULL),
(14, 5, 2, 5, '2018-09-28 05:25:39', '2018-10-01 11:14:57', NULL),
(15, 6, 2, 5, '2018-09-28 05:25:39', '2018-10-01 11:14:57', NULL),
(16, 8, 2, 5, '2018-09-28 05:25:39', '2018-10-01 11:14:57', NULL),
(17, 9, 2, 5, '2018-09-28 05:25:39', '2018-10-01 11:14:57', NULL),
(18, 10, 2, 5, '2018-09-28 05:25:39', '2018-10-01 11:14:57', NULL),
(19, 11, 2, 5, '2018-09-28 05:25:39', '2018-10-01 11:14:57', NULL),
(20, 13, 2, 5, '2018-09-28 05:25:39', '2018-10-01 11:14:57', NULL),
(21, 1, 3, 10, '2018-09-28 05:29:49', '2018-12-04 14:07:30', NULL),
(22, 2, 3, 10, '2018-09-28 05:29:49', '2018-12-04 14:07:30', NULL),
(23, 4, 3, 10, '2018-09-28 05:29:49', '2018-12-04 14:07:30', NULL),
(24, 5, 3, 10, '2018-09-28 05:29:49', '2018-12-04 14:07:30', NULL),
(25, 6, 3, 10, '2018-09-28 05:29:49', '2018-12-04 14:07:30', NULL),
(26, 8, 3, 10, '2018-09-28 05:29:49', '2018-12-04 14:07:30', NULL),
(27, 9, 3, 10, '2018-09-28 05:29:49', '2018-12-04 14:07:30', NULL),
(28, 10, 3, 10, '2018-09-28 05:29:49', '2018-12-04 14:07:30', NULL),
(29, 11, 3, 10, '2018-09-28 05:29:49', '2018-12-04 14:07:30', NULL),
(30, 13, 3, 10, '2018-09-28 05:29:49', '2018-12-04 14:07:30', NULL),
(32, 1, 4, 15, '2018-09-28 05:32:40', '2018-09-28 13:32:40', NULL),
(33, 2, 4, 15, '2018-09-28 05:32:40', '2018-09-28 13:32:40', NULL),
(34, 4, 4, 15, '2018-09-28 05:32:40', '2018-09-28 13:32:40', NULL),
(35, 5, 4, 15, '2018-09-28 05:32:40', '2018-09-28 13:32:40', NULL),
(36, 6, 4, 15, '2018-09-28 05:32:40', '2018-09-28 13:32:40', NULL),
(37, 7, 4, 15, '2018-09-28 05:32:40', '2018-09-28 13:32:40', NULL),
(38, 8, 4, 15, '2018-09-28 05:32:40', '2018-09-28 13:32:40', NULL),
(39, 9, 4, 15, '2018-09-28 05:32:40', '2018-09-28 13:32:40', NULL),
(40, 10, 4, 15, '2018-09-28 05:32:40', '2018-09-28 13:32:40', NULL),
(41, 11, 4, 15, '2018-09-28 05:32:40', '2018-09-28 13:32:40', NULL),
(42, 13, 4, 15, '2018-09-28 05:32:40', '2018-09-28 13:32:40', NULL),
(43, 1, 5, 25, '2018-09-28 05:37:12', '2018-09-29 11:09:36', NULL),
(44, 2, 5, 25, '2018-09-28 05:37:12', '2018-09-29 11:09:36', NULL),
(45, 4, 5, 25, '2018-09-28 05:37:12', '2018-09-29 11:09:36', NULL),
(46, 5, 5, 25, '2018-09-28 05:37:12', '2018-09-29 11:09:36', NULL),
(47, 6, 5, 25, '2018-09-28 05:37:12', '2018-09-29 11:09:36', NULL),
(48, 7, 5, 25, '2018-09-28 05:37:12', '2018-09-29 11:09:36', NULL),
(49, 8, 5, 25, '2018-09-28 05:37:12', '2018-09-29 11:09:36', NULL),
(50, 9, 5, 25, '2018-09-28 05:37:12', '2018-09-29 11:09:36', NULL),
(51, 10, 5, 25, '2018-09-28 05:37:12', '2018-09-29 11:09:36', NULL),
(52, 11, 5, 25, '2018-09-28 05:37:12', '2018-09-29 11:09:36', NULL),
(53, 13, 5, 25, '2018-09-28 05:37:12', '2018-09-29 11:09:36', NULL),
(54, 19, 5, 25, '2018-09-28 05:37:12', '2018-09-29 11:09:36', NULL),
(55, 1, 6, 40, '2018-09-28 06:06:27', '2018-09-28 14:06:50', NULL),
(56, 2, 6, 40, '2018-09-28 06:06:27', '2018-09-28 14:06:50', NULL),
(57, 4, 6, 40, '2018-09-28 06:06:27', '2018-09-28 14:06:50', NULL),
(58, 5, 6, 40, '2018-09-28 06:06:27', '2018-09-28 14:06:50', NULL),
(59, 6, 6, 40, '2018-09-28 06:06:27', '2018-09-28 14:06:50', NULL),
(60, 7, 6, 40, '2018-09-28 06:06:27', '2018-09-28 14:06:50', NULL),
(61, 8, 6, 40, '2018-09-28 06:06:27', '2018-09-28 14:06:50', NULL),
(62, 9, 6, 40, '2018-09-28 06:06:27', '2018-09-28 14:06:50', NULL),
(63, 10, 6, 40, '2018-09-28 06:06:27', '2018-09-28 14:06:50', NULL),
(64, 11, 6, 40, '2018-09-28 06:06:27', '2018-09-28 14:06:50', NULL),
(65, 13, 6, 40, '2018-09-28 06:06:27', '2018-09-28 14:06:50', NULL),
(66, 19, 6, 40, '2018-09-28 06:06:27', '2018-09-28 14:06:50', NULL),
(67, 1, 7, 10, '2018-09-28 06:09:47', '2018-11-16 16:54:22', NULL),
(68, 1, 8, 10, '2018-09-28 06:12:14', '2018-09-28 14:12:14', NULL),
(69, 2, 8, 10, '2018-09-28 06:12:14', '2018-09-28 14:12:14', NULL),
(70, 4, 8, 10, '2018-09-28 06:12:14', '2018-09-28 14:12:14', NULL),
(71, 5, 8, 10, '2018-09-28 06:12:14', '2018-09-28 14:12:14', NULL),
(72, 6, 8, 10, '2018-09-28 06:12:14', '2018-09-28 14:12:14', NULL),
(73, 7, 8, 10, '2018-09-28 06:12:14', '2018-09-28 14:12:14', NULL),
(74, 8, 8, 10, '2018-09-28 06:12:14', '2018-09-28 14:12:14', NULL),
(75, 9, 8, 10, '2018-09-28 06:12:14', '2018-09-28 14:12:14', NULL),
(76, 10, 8, 10, '2018-09-28 06:12:14', '2018-09-28 14:12:14', NULL),
(77, 11, 8, 10, '2018-09-28 06:12:14', '2018-09-28 14:12:14', NULL),
(78, 13, 8, 10, '2018-09-28 06:12:14', '2018-09-28 14:12:14', NULL),
(79, 19, 4, 15, '2018-09-28 06:13:03', '2018-09-28 14:13:03', NULL),
(80, 5, 9, 10, '2018-09-28 06:54:14', '2018-11-15 21:19:53', NULL),
(81, 4, 10, 10, '2018-09-28 07:06:26', '2018-11-15 21:19:25', NULL),
(82, 7, 11, 0, '2018-09-28 07:12:39', '2018-09-29 08:33:13', NULL),
(83, 7, 12, 0, '2018-09-29 00:36:48', '2018-09-29 08:36:48', NULL),
(84, 7, 13, 0, '2018-09-29 00:37:53', '2018-09-29 08:37:53', NULL),
(85, 7, 14, 0, '2018-09-29 00:39:32', '2018-09-29 08:39:32', NULL),
(86, 6, 15, 10, '2018-09-29 00:41:22', '2018-11-16 16:54:32', NULL),
(87, 9, 16, 10, '2018-09-29 00:41:53', '2018-10-01 11:27:47', NULL),
(88, 1, 17, 20, '2018-09-29 02:48:23', '2018-09-29 10:48:23', NULL),
(89, 2, 17, 20, '2018-09-29 02:48:23', '2018-09-29 10:48:23', NULL),
(90, 4, 17, 20, '2018-09-29 02:48:23', '2018-09-29 10:48:23', NULL),
(91, 5, 17, 20, '2018-09-29 02:48:23', '2018-09-29 10:48:23', NULL),
(92, 6, 17, 20, '2018-09-29 02:48:23', '2018-09-29 10:48:23', NULL),
(93, 7, 17, 20, '2018-09-29 02:48:23', '2018-09-29 10:48:23', NULL),
(94, 8, 17, 20, '2018-09-29 02:48:23', '2018-09-29 10:48:23', NULL),
(95, 9, 17, 20, '2018-09-29 02:48:23', '2018-09-29 10:48:23', NULL),
(96, 10, 17, 20, '2018-09-29 02:48:23', '2018-09-29 10:48:23', NULL),
(97, 11, 17, 20, '2018-09-29 02:48:23', '2018-09-29 10:48:23', NULL),
(98, 13, 17, 20, '2018-09-29 02:48:23', '2018-09-29 10:48:23', NULL),
(99, 19, 17, 20, '2018-09-29 02:48:23', '2018-09-29 10:48:23', NULL),
(100, 13, 18, 20, '2018-09-29 02:55:06', '2018-09-29 10:55:06', NULL),
(101, 4, 19, 20, '2018-09-29 03:29:51', '2018-09-29 14:56:02', NULL),
(102, 1, 20, 50, '2018-09-29 03:34:23', '2018-09-29 11:34:23', NULL),
(103, 2, 20, 50, '2018-09-29 03:34:23', '2018-09-29 11:34:23', NULL),
(104, 4, 20, 50, '2018-09-29 03:34:23', '2018-09-29 11:34:23', NULL),
(105, 5, 20, 50, '2018-09-29 03:34:23', '2018-09-29 11:34:23', NULL),
(106, 6, 20, 50, '2018-09-29 03:34:23', '2018-09-29 11:34:23', NULL),
(107, 7, 20, 50, '2018-09-29 03:34:23', '2018-09-29 11:34:23', NULL),
(108, 8, 20, 50, '2018-09-29 03:34:23', '2018-09-29 11:34:23', NULL),
(109, 9, 20, 50, '2018-09-29 03:34:23', '2018-09-29 11:34:23', NULL),
(110, 10, 20, 50, '2018-09-29 03:34:23', '2018-09-29 11:34:23', NULL),
(111, 11, 20, 50, '2018-09-29 03:34:23', '2018-09-29 11:34:23', NULL),
(112, 13, 20, 50, '2018-09-29 03:34:23', '2018-09-29 11:34:23', NULL),
(113, 19, 20, 50, '2018-09-29 03:34:23', '2018-09-29 11:34:23', NULL),
(114, 9, 21, 20, '2018-09-29 06:54:23', '2018-09-29 14:55:50', NULL),
(115, 6, 22, 20, '2018-09-29 07:07:20', '2018-09-29 15:07:20', NULL),
(116, 1, 23, 20, '2018-09-29 07:30:43', '2018-09-29 15:30:43', NULL),
(117, 8, 24, 20, '2018-09-29 07:31:08', '2018-09-29 15:31:08', NULL),
(118, 1, 25, 10, '2018-09-30 09:20:25', '2018-09-30 17:20:25', NULL),
(119, 2, 25, 10, '2018-09-30 09:20:25', '2018-09-30 17:20:25', NULL),
(120, 4, 25, 10, '2018-09-30 09:20:25', '2018-09-30 17:20:25', NULL),
(121, 5, 25, 10, '2018-09-30 09:20:25', '2018-09-30 17:20:25', NULL),
(122, 6, 25, 10, '2018-09-30 09:20:25', '2018-09-30 17:20:25', NULL),
(123, 8, 25, 10, '2018-09-30 09:20:26', '2018-09-30 17:20:25', NULL),
(124, 9, 25, 10, '2018-09-30 09:20:26', '2018-09-30 17:20:25', NULL),
(125, 10, 25, 10, '2018-09-30 09:20:26', '2018-09-30 17:20:25', NULL),
(126, 11, 25, 10, '2018-09-30 09:20:26', '2018-09-30 17:20:25', NULL),
(127, 13, 25, 10, '2018-09-30 09:20:26', '2018-09-30 17:20:25', NULL),
(1336, 7, 3, 10, '2018-12-04 06:14:31', '2018-12-04 14:14:31', NULL),
(4201, 1, 1119, 8, '2019-02-19 07:56:59', '2019-02-19 15:59:06', NULL),
(4202, 2, 1119, 6, '2019-02-19 07:56:59', '2019-02-19 15:59:06', NULL),
(4203, 1, 1120, 8, '2019-02-20 01:06:35', '2019-02-20 09:06:35', NULL),
(4204, 6, 1120, 9, '2019-02-20 01:06:35', '2019-02-20 09:06:35', NULL),
(4205, 1, 1122, 0, '2019-02-20 01:49:04', '2019-02-20 09:49:04', NULL),
(4206, 4, 1122, 0, '2019-02-20 01:49:04', '2019-02-20 09:49:04', NULL),
(4207, 1, 1124, 0, '2019-02-20 01:53:23', '2019-02-20 09:53:23', NULL),
(4208, 5, 1124, 0, '2019-02-20 01:53:23', '2019-02-20 09:53:23', NULL);

-- --------------------------------------------------------

--
-- 表的结构 `customer_service`
--

CREATE TABLE `customer_service` (
  `id` int(11) NOT NULL,
  `service_openid` int(11) DEFAULT NULL,
  `custom_openid` int(11) DEFAULT NULL,
  `status` enum('bind','unbind') COLLATE utf8mb4_unicode_ci DEFAULT NULL,
  `remark` varchar(255) COLLATE utf8mb4_unicode_ci DEFAULT NULL,
  `created_at` datetime DEFAULT NULL,
  `updated_at` datetime DEFAULT NULL,
  `deleted_at` datetime DEFAULT NULL
) ENGINE=InnoDB DEFAULT CHARSET=utf8mb4 COLLATE=utf8mb4_unicode_ci;

-- --------------------------------------------------------

--
-- 表的结构 `failed_jobs`
--

CREATE TABLE `failed_jobs` (
  `id` bigint(20) UNSIGNED NOT NULL,
  `connection` text COLLATE utf8mb4_unicode_ci NOT NULL,
  `queue` text COLLATE utf8mb4_unicode_ci NOT NULL,
  `payload` longtext COLLATE utf8mb4_unicode_ci NOT NULL,
  `exception` longtext COLLATE utf8mb4_unicode_ci NOT NULL,
  `failed_at` timestamp NOT NULL DEFAULT CURRENT_TIMESTAMP
) ENGINE=InnoDB DEFAULT CHARSET=utf8mb4 COLLATE=utf8mb4_unicode_ci;

-- --------------------------------------------------------

--
-- 表的结构 `images`
--

CREATE TABLE `images` (
  `id` int(11) NOT NULL,
  `pwd_id` int(11) NOT NULL,
  `url` varchar(255) COLLATE utf8mb4_unicode_ci DEFAULT NULL,
  `label` varchar(50) COLLATE utf8mb4_unicode_ci DEFAULT NULL,
  `status` enum('notpay','payed') COLLATE utf8mb4_unicode_ci DEFAULT NULL,
  `result` text COLLATE utf8mb4_unicode_ci,
  `pay_id` int(11) DEFAULT NULL,
  `created_at` datetime DEFAULT NULL,
  `updated_at` datetime DEFAULT NULL,
  `deleted_at` datetime DEFAULT NULL
) ENGINE=InnoDB DEFAULT CHARSET=utf8mb4 COLLATE=utf8mb4_unicode_ci;

--
-- 转存表中的数据 `images`
--

INSERT INTO `images` (`id`, `pwd_id`, `url`, `label`, `status`, `result`, `pay_id`, `created_at`, `updated_at`, `deleted_at`) VALUES
(1, 0, '111', 'gg', 'notpay', 'dgffadf', 1, NULL, NULL, NULL),
(2, 0, 'fsf', 'saf', 'payed', 'adsfdasf', 1, NULL, NULL, NULL),
(3, 0, 'add', 'fsafd', 'payed', 'adf', 2, NULL, NULL, NULL),
(4, 0, 'fsf', 'saf', 'payed', 'adsfdasf', 1, NULL, NULL, NULL),
(5, 0, 'add', 'fsafd', 'payed', 'adf', 2, NULL, NULL, NULL),
(6, 0, 'fsf', 'saf', 'payed', 'adsfdasf', 1, NULL, NULL, NULL),
(7, 0, 'add', 'fsafd', 'payed', 'adf', 2, NULL, NULL, NULL),
(8, 0, 'fsf', 'saf', 'payed', 'adsfdasf', 1, NULL, NULL, NULL),
(9, 0, 'add', 'fsafd', 'payed', 'adf', 2, NULL, NULL, NULL),
(10, 0, 'fsf', 'saf', 'payed', 'adsfdasf', 1, NULL, NULL, NULL),
(11, 0, 'add', 'fsafd', 'payed', 'adf', 2, NULL, NULL, NULL),
(12, 0, 'fsf', 'saf', 'payed', 'adsfdasf', 1, NULL, NULL, NULL),
(13, 0, 'add', 'fsafd', 'payed', 'adf', 2, NULL, NULL, NULL),
(14, 0, 'fsf', 'saf', 'payed', 'adsfdasf', 1, NULL, NULL, NULL),
(15, 0, 'add', 'fsafd', 'payed', 'adf', 2, NULL, NULL, NULL);

-- --------------------------------------------------------

--
-- 表的结构 `jobs`
--

CREATE TABLE `jobs` (
  `id` bigint(20) UNSIGNED NOT NULL,
  `queue` varchar(191) COLLATE utf8mb4_unicode_ci NOT NULL,
  `payload` longtext COLLATE utf8mb4_unicode_ci NOT NULL,
  `attempts` tinyint(3) UNSIGNED NOT NULL,
  `reserved_at` int(10) UNSIGNED DEFAULT NULL,
  `available_at` int(10) UNSIGNED NOT NULL,
  `created_at` int(10) UNSIGNED NOT NULL
) ENGINE=InnoDB DEFAULT CHARSET=utf8mb4 COLLATE=utf8mb4_unicode_ci;

--
-- 转存表中的数据 `jobs`
--

INSERT INTO `jobs` (`id`, `queue`, `payload`, `attempts`, `reserved_at`, `available_at`, `created_at`) VALUES
(1, 'default', '{\"displayName\":\"miaosha\",\"job\":\"miaosha\",\"maxTries\":null,\"timeout\":null,\"data\":14899}', 0, NULL, 1500626053, 1500626053),
(2, 'default', '{\"displayName\":\"miaosha\",\"job\":\"miaosha\",\"maxTries\":null,\"timeout\":null,\"data\":49245}', 0, NULL, 1500626054, 1500626054),
(3, 'default', '{\"displayName\":\"miaosha\",\"job\":\"miaosha\",\"maxTries\":null,\"timeout\":null,\"data\":34054}', 0, NULL, 1500626055, 1500626055),
(4, 'default', '{\"displayName\":\"miaosha\",\"job\":\"miaosha\",\"maxTries\":null,\"timeout\":null,\"data\":47416}', 0, NULL, 1500626056, 1500626056),
(5, 'default', '{\"displayName\":\"miaosha\",\"job\":\"miaosha\",\"maxTries\":null,\"timeout\":null,\"data\":14836}', 0, NULL, 1500626109, 1500626109);

-- --------------------------------------------------------

--
-- 表的结构 `memcombo`
--

CREATE TABLE `memcombo` (
  `id` int(10) UNSIGNED NOT NULL,
  `pwd_id` int(11) NOT NULL DEFAULT '0',
  `site_id` int(11) NOT NULL DEFAULT '0',
  `count` int(11) NOT NULL DEFAULT '0',
  `created_at` timestamp NULL DEFAULT NULL,
  `updated_at` timestamp NULL DEFAULT NULL,
  `deleted_at` timestamp NULL DEFAULT NULL
) ENGINE=InnoDB DEFAULT CHARSET=utf8mb4 COLLATE=utf8mb4_unicode_ci;

--
-- 转存表中的数据 `memcombo`
--

INSERT INTO `memcombo` (`id`, `pwd_id`, `site_id`, `count`, `created_at`, `updated_at`, `deleted_at`) VALUES
(5, 10970, 1, 3, '2019-03-02 02:18:19', '2019-03-04 03:04:25', NULL),
(6, 10970, 6, 9, '2019-03-02 02:18:19', '2019-03-02 02:18:19', NULL);

-- --------------------------------------------------------

--
-- 表的结构 `migrations`
--

CREATE TABLE `migrations` (
  `id` int(10) UNSIGNED NOT NULL,
  `migration` varchar(191) COLLATE utf8mb4_unicode_ci NOT NULL,
  `batch` int(11) NOT NULL
) ENGINE=InnoDB DEFAULT CHARSET=utf8mb4 COLLATE=utf8mb4_unicode_ci;

-- --------------------------------------------------------

--
-- 表的结构 `miniuser`
--

CREATE TABLE `miniuser` (
  `id` int(11) NOT NULL,
  `openid` varchar(100) COLLATE utf8_unicode_ci DEFAULT NULL,
  `nickname` varchar(30) COLLATE utf8_unicode_ci DEFAULT NULL,
  `avatarurl` varchar(200) COLLATE utf8_unicode_ci DEFAULT NULL,
  `gender` int(11) NOT NULL DEFAULT '0',
  `city` varchar(30) COLLATE utf8_unicode_ci DEFAULT NULL,
  `province` varchar(30) COLLATE utf8_unicode_ci DEFAULT NULL,
  `country` varchar(30) COLLATE utf8_unicode_ci DEFAULT NULL,
  `code` varchar(10) COLLATE utf8_unicode_ci DEFAULT NULL,
  `parent_key` varchar(10) COLLATE utf8_unicode_ci DEFAULT NULL,
  `created_at` timestamp NOT NULL DEFAULT CURRENT_TIMESTAMP,
  `updated_at` datetime DEFAULT NULL
) ENGINE=InnoDB DEFAULT CHARSET=utf8 COLLATE=utf8_unicode_ci ROW_FORMAT=COMPACT;

-- --------------------------------------------------------

--
-- 表的结构 `notifications`
--

CREATE TABLE `notifications` (
  `id` char(36) COLLATE utf8mb4_unicode_ci NOT NULL,
  `type` varchar(191) COLLATE utf8mb4_unicode_ci NOT NULL,
  `notifiable_id` int(10) UNSIGNED NOT NULL,
  `notifiable_type` varchar(191) COLLATE utf8mb4_unicode_ci NOT NULL,
  `data` text COLLATE utf8mb4_unicode_ci NOT NULL,
  `read_at` timestamp NULL DEFAULT NULL,
  `created_at` timestamp NULL DEFAULT NULL,
  `updated_at` timestamp NULL DEFAULT NULL
) ENGINE=InnoDB DEFAULT CHARSET=utf8mb4 COLLATE=utf8mb4_unicode_ci;

-- --------------------------------------------------------

--
-- 表的结构 `orders`
--

CREATE TABLE `orders` (
  `id` int(10) UNSIGNED NOT NULL,
  `orderid` varchar(191) COLLATE utf8mb4_unicode_ci DEFAULT NULL,
  `openid` varchar(50) COLLATE utf8mb4_unicode_ci DEFAULT NULL,
  `money` decimal(10,2) DEFAULT NULL,
  `signal_id` int(11) NOT NULL DEFAULT '0',
  `tpl_name` varchar(50) COLLATE utf8mb4_unicode_ci DEFAULT NULL,
  `device_id` int(11) NOT NULL DEFAULT '0',
  `uid` int(11) NOT NULL DEFAULT '0',
  `status` int(11) NOT NULL COMMENT '0初始  1已支付  2已退款  3已关闭',
  `cash_status` int(11) NOT NULL DEFAULT '0' COMMENT '0初始或不通过  1冻结 2通过 ',
  `pay_no` varchar(100) COLLATE utf8mb4_unicode_ci DEFAULT NULL,
  `pay_time` datetime DEFAULT NULL,
  `created_at` timestamp NULL DEFAULT NULL,
  `updated_at` timestamp NULL DEFAULT NULL,
  `deleted_at` datetime DEFAULT NULL
) ENGINE=InnoDB DEFAULT CHARSET=utf8mb4 COLLATE=utf8mb4_unicode_ci;

-- --------------------------------------------------------

--
-- 表的结构 `password`
--

CREATE TABLE `password` (
  `id` int(10) UNSIGNED NOT NULL,
  `uid` int(11) NOT NULL DEFAULT '0' COMMENT '代理商ID',
  `password` varchar(100) COLLATE utf8mb4_unicode_ci NOT NULL,
  `combo_id` int(11) NOT NULL DEFAULT '0',
  `mobile` varchar(30) COLLATE utf8mb4_unicode_ci DEFAULT NULL,
  `secret` varchar(50) COLLATE utf8mb4_unicode_ci DEFAULT NULL,
  `email` varchar(30) COLLATE utf8mb4_unicode_ci DEFAULT NULL,
  `openid` varchar(60) COLLATE utf8mb4_unicode_ci DEFAULT NULL,
  `begin` datetime DEFAULT NULL,
  `end` datetime DEFAULT NULL,
  `active_time` datetime DEFAULT NULL,
  `count` int(11) NOT NULL DEFAULT '0',
  `point` int(11) DEFAULT '0',
  `status` int(11) NOT NULL DEFAULT '0',
  `isopen` int(11) NOT NULL DEFAULT '0',
  `created_at` timestamp NULL DEFAULT NULL,
  `updated_at` timestamp NULL DEFAULT NULL,
  `deleted_at` timestamp NULL DEFAULT NULL
) ENGINE=InnoDB DEFAULT CHARSET=utf8mb4 COLLATE=utf8mb4_unicode_ci;

--
-- 转存表中的数据 `password`
--

INSERT INTO `password` (`id`, `uid`, `password`, `combo_id`, `mobile`, `secret`, `email`, `openid`, `begin`, `end`, `active_time`, `count`, `point`, `status`, `isopen`, `created_at`, `updated_at`, `deleted_at`) VALUES
(10970, 15, '7ae0ccf4464f243d', 1120, NULL, 'e10adc3949ba59abbe56e057f20f883e', NULL, NULL, '2019-03-02 10:18:19', '2039-02-25 10:18:19', '2019-03-02 10:18:19', 12, 76, 1, 1, '2019-02-20 01:06:35', '2019-03-04 03:36:24', NULL),
(10971, 15, 'ed4fcb9951b5dea3', 1120, NULL, 'e10adc3949ba59abbe56e057f20f883e', NULL, NULL, NULL, NULL, NULL, 0, 0, 0, 1, '2019-02-20 01:06:35', '2019-02-20 01:06:35', NULL),
(10972, 2, 'f30573e05a7909f9', 1, NULL, 'e10adc3949ba59abbe56e057f20f883e', NULL, NULL, NULL, NULL, NULL, 0, 0, 0, 1, '2019-02-20 01:24:08', '2019-02-20 01:24:08', NULL),
(10973, 2, '98eeb0e5a6904e75', 1, NULL, 'e10adc3949ba59abbe56e057f20f883e', NULL, NULL, NULL, NULL, NULL, 0, 0, 0, 1, '2019-02-20 01:24:08', '2019-02-20 01:24:08', NULL),
(10974, 2, '285a2cbc58fafe5b', 1122, NULL, 'e10adc3949ba59abbe56e057f20f883e', NULL, NULL, NULL, NULL, NULL, 0, 0, 0, 1, '2019-02-20 01:51:12', '2019-02-20 01:51:12', NULL),
(10975, 15, '9f50eb41f14f12ea', 1124, NULL, 'e10adc3949ba59abbe56e057f20f883e', NULL, NULL, NULL, NULL, NULL, 0, 0, 0, 1, '2019-02-20 01:53:24', '2019-02-20 01:53:24', NULL);

-- --------------------------------------------------------

--
-- 表的结构 `password_resets`
--

CREATE TABLE `password_resets` (
  `email` varchar(191) COLLATE utf8mb4_unicode_ci NOT NULL,
  `token` varchar(191) COLLATE utf8mb4_unicode_ci NOT NULL,
  `created_at` timestamp NOT NULL DEFAULT CURRENT_TIMESTAMP ON UPDATE CURRENT_TIMESTAMP
) ENGINE=InnoDB DEFAULT CHARSET=utf8mb4 COLLATE=utf8mb4_unicode_ci;

-- --------------------------------------------------------

--
-- 表的结构 `paylog`
--

CREATE TABLE `paylog` (
  `id` int(11) NOT NULL,
  `pwd_id` int(11) DEFAULT NULL,
  `point` int(11) DEFAULT NULL,
  `count` int(11) DEFAULT NULL,
  `created_at` datetime DEFAULT NULL,
  `updated_at` datetime DEFAULT NULL,
  `deleted_at` datetime DEFAULT NULL
) ENGINE=InnoDB DEFAULT CHARSET=utf8mb4 COLLATE=utf8mb4_unicode_ci;

--
-- 转存表中的数据 `paylog`
--

INSERT INTO `paylog` (`id`, `pwd_id`, `point`, `count`, `created_at`, `updated_at`, `deleted_at`) VALUES
(1, 10970, NULL, 1, '2019-03-04 11:03:01', '2019-03-04 11:03:01', NULL),
(2, 10970, NULL, 2, '2019-03-04 11:04:25', '2019-03-04 11:04:25', NULL),
(3, 10970, 2, NULL, '2019-03-04 11:05:21', '2019-03-04 11:05:21', NULL),
(4, 10970, 2, NULL, '2019-03-04 11:36:24', '2019-03-04 11:36:24', NULL);

-- --------------------------------------------------------

--
-- 表的结构 `permissions`
--

CREATE TABLE `permissions` (
  `id` int(10) UNSIGNED NOT NULL,
  `name` varchar(191) COLLATE utf8mb4_unicode_ci NOT NULL,
  `desc` varchar(191) COLLATE utf8mb4_unicode_ci NOT NULL,
  `created_at` timestamp NULL DEFAULT NULL,
  `updated_at` timestamp NULL DEFAULT NULL,
  `deleted_at` timestamp NULL DEFAULT NULL
) ENGINE=InnoDB DEFAULT CHARSET=utf8mb4 COLLATE=utf8mb4_unicode_ci;

--
-- 转存表中的数据 `permissions`
--

INSERT INTO `permissions` (`id`, `name`, `desc`, `created_at`, `updated_at`, `deleted_at`) VALUES
(14, '用户管理', 'admin/user', '2018-03-08 02:38:00', '2018-03-08 02:38:00', NULL),
(15, '角色管理', 'admin/role', '2018-03-08 02:38:17', '2018-03-08 02:38:17', NULL),
(16, '权限管理', 'admin/privilege', '2018-03-08 02:38:34', '2018-03-08 02:38:34', NULL),
(17, '个人信息', 'admin/info', '2018-03-09 02:47:38', '2018-03-09 02:47:38', NULL),
(18, '修改密码', 'admin/chgpwd', '2018-03-09 02:48:37', '2018-03-09 05:26:19', NULL),
(26, '欢迎页面', 'admin/welcome', '2018-08-01 07:29:11', '2018-08-01 07:29:11', NULL),
(27, '密码支付设备', 'admin/pwddevice', '2018-08-01 08:32:51', '2018-08-01 08:32:51', NULL),
(28, '设备消费', 'admin/deviceconsume', '2018-08-02 05:25:02', '2018-08-02 05:25:02', NULL),
(29, '价格模板', 'admin/pricetpl', '2018-08-02 08:09:40', '2018-08-02 08:09:40', NULL),
(30, '设备品牌', 'admin/probrand', '2018-08-10 01:56:30', '2018-08-10 01:56:30', NULL),
(31, '设备消费统计', 'admin/devicestatistic', '2018-08-10 01:56:46', '2018-08-10 01:56:46', NULL),
(32, '分成比列', 'admin/discount', '2018-08-10 01:57:00', '2018-09-10 02:44:39', NULL),
(33, '提现审核', 'admin/checkcash', '2018-08-10 01:57:12', '2018-08-10 01:57:12', NULL),
(34, '提现记录', 'admin/cashlog', '2018-08-10 01:57:23', '2018-08-10 01:57:23', NULL),
(35, '产品类型', 'admin/protype', '2018-08-11 07:34:16', '2018-08-11 07:34:16', NULL),
(37, '维护人员', 'admin/maintenance', '2018-08-14 02:25:15', '2018-08-14 02:25:15', NULL),
(38, '我的代理', 'admin/myagents', '2018-09-03 07:49:26', '2018-09-03 08:03:58', NULL),
(39, '网站列表', 'admin/sitelist', '2019-02-19 01:32:57', '2019-02-19 01:32:57', NULL),
(40, '套餐列表', 'admin/combolist', '2019-02-19 01:37:18', '2019-02-19 01:37:18', NULL),
(41, '卡密列表', 'admin/password', '2019-02-19 01:37:38', '2019-02-19 01:37:38', NULL);

-- --------------------------------------------------------

--
-- 表的结构 `permission_role`
--

CREATE TABLE `permission_role` (
  `id` int(10) UNSIGNED NOT NULL,
  `permission_id` int(11) NOT NULL,
  `role_id` int(11) NOT NULL,
  `add_permission` int(11) NOT NULL DEFAULT '0',
  `delete_permission` int(11) NOT NULL DEFAULT '0',
  `update_permission` int(11) NOT NULL DEFAULT '0',
  `read_permission` int(11) NOT NULL DEFAULT '0',
  `created_at` timestamp NULL DEFAULT NULL,
  `updated_at` timestamp NULL DEFAULT NULL
) ENGINE=InnoDB DEFAULT CHARSET=utf8mb4 COLLATE=utf8mb4_unicode_ci;

--
-- 转存表中的数据 `permission_role`
--

INSERT INTO `permission_role` (`id`, `permission_id`, `role_id`, `add_permission`, `delete_permission`, `update_permission`, `read_permission`, `created_at`, `updated_at`) VALUES
(3, 1, 3, 1, 0, 0, 1, NULL, NULL),
(4, 2, 3, 0, 1, 0, 1, NULL, NULL),
(5, 4, 3, 0, 0, 1, 1, NULL, NULL),
(6, 2, 2, 0, 0, 1, 1, NULL, NULL),
(7, 7, 2, 1, 0, 0, 1, NULL, NULL),
(8, 10, 2, 0, 1, 0, 1, NULL, NULL),
(9, 13, 2, 0, 0, 0, 1, NULL, NULL),
(10, 4, 1, 1, 1, 1, 1, NULL, NULL),
(11, 7, 1, 1, 1, 1, 1, NULL, NULL),
(12, 9, 1, 1, 1, 1, 1, NULL, NULL),
(13, 13, 1, 1, 1, 1, 1, NULL, NULL),
(14, 1, 1, 1, 1, 1, 1, NULL, NULL),
(15, 2, 1, 1, 1, 1, 1, NULL, NULL),
(16, 5, 1, 1, 1, 1, 1, NULL, NULL),
(17, 8, 1, 1, 1, 1, 1, NULL, NULL),
(18, 10, 1, 1, 1, 1, 1, NULL, NULL),
(19, 11, 1, 1, 1, 1, 1, NULL, NULL),
(20, 12, 1, 1, 1, 1, 1, NULL, NULL),
(21, 14, 1, 1, 1, 1, 1, NULL, NULL),
(22, 15, 1, 1, 1, 1, 1, NULL, NULL),
(23, 16, 1, 1, 1, 1, 1, NULL, NULL),
(24, 12, 3, 1, 1, 1, 1, NULL, NULL),
(25, 1, 2, 1, 1, 1, 1, NULL, NULL),
(26, 4, 2, 1, 1, 1, 1, NULL, NULL),
(27, 17, 1, 1, 1, 1, 1, NULL, NULL),
(28, 18, 1, 1, 1, 1, 1, NULL, NULL),
(29, 19, 1, 1, 1, 1, 1, NULL, NULL),
(30, 20, 1, 1, 1, 1, 1, NULL, NULL),
(31, 21, 1, 1, 1, 1, 1, NULL, NULL),
(32, 22, 1, 1, 1, 1, 1, NULL, NULL),
(33, 23, 1, 1, 1, 1, 1, NULL, NULL),
(34, 24, 1, 1, 1, 1, 1, NULL, NULL),
(35, 25, 1, 1, 1, 1, 1, NULL, NULL),
(36, 26, 1, 1, 1, 1, 1, NULL, NULL),
(37, 27, 1, 1, 1, 1, 1, NULL, NULL),
(38, 28, 1, 1, 1, 1, 1, NULL, NULL),
(39, 29, 1, 1, 1, 1, 1, NULL, NULL),
(40, 30, 1, 1, 1, 1, 1, NULL, NULL),
(41, 31, 1, 1, 1, 1, 1, NULL, NULL),
(42, 32, 1, 1, 1, 1, 1, NULL, NULL),
(43, 33, 1, 1, 1, 1, 1, NULL, NULL),
(44, 34, 1, 1, 1, 1, 1, NULL, NULL),
(45, 17, 4, 1, 1, 1, 1, NULL, NULL),
(46, 18, 4, 1, 1, 1, 1, NULL, NULL),
(47, 26, 4, 1, 1, 1, 1, NULL, NULL),
(48, 28, 4, 1, 1, 1, 1, NULL, NULL),
(51, 31, 4, 1, 1, 1, 1, NULL, NULL),
(52, 34, 4, 1, 1, 1, 1, NULL, NULL),
(53, 35, 1, 1, 1, 1, 1, '2018-08-11 07:34:23', '2018-08-11 07:34:23'),
(54, 36, 1, 1, 1, 1, 1, '2018-08-11 07:34:43', '2018-08-11 07:34:43'),
(55, 37, 1, 1, 1, 1, 1, '2018-08-14 02:25:22', '2018-08-14 02:25:22'),
(56, 27, 4, 1, 0, 1, 1, '2018-08-17 01:05:02', '2018-08-17 01:05:02'),
(57, 17, 5, 0, 0, 1, 1, '2018-08-17 01:06:03', '2018-08-17 01:06:03'),
(58, 18, 5, 0, 0, 1, 1, '2018-08-17 01:06:03', '2018-08-17 01:06:03'),
(59, 26, 5, 0, 0, 0, 1, '2018-08-17 01:06:03', '2018-08-17 01:06:03'),
(62, 31, 5, 0, 0, 0, 1, '2018-08-17 01:06:03', '2018-08-17 01:06:03'),
(63, 34, 5, 0, 0, 1, 1, '2018-08-17 01:06:03', '2018-08-17 01:06:03'),
(65, 17, 3, 1, 1, 1, 1, '2018-08-28 06:50:30', '2018-08-28 06:50:30'),
(66, 18, 3, 1, 1, 1, 1, '2018-08-28 06:50:30', '2018-08-28 06:50:30'),
(67, 28, 3, 1, 1, 1, 1, '2018-08-28 06:50:31', '2018-08-28 06:50:31'),
(68, 31, 3, 0, 1, 1, 1, '2018-08-28 06:50:31', '2018-08-28 06:50:31'),
(69, 32, 3, 1, 1, 1, 1, '2018-08-28 06:50:31', '2018-08-28 06:50:31'),
(70, 33, 3, 1, 1, 1, 1, '2018-08-28 06:50:31', '2018-08-28 06:50:31'),
(71, 34, 3, 1, 1, 1, 1, '2018-08-28 06:50:31', '2018-08-28 06:50:31'),
(83, 35, 4, 0, 0, 0, 1, '2018-08-29 07:51:20', '2018-08-29 07:51:20'),
(85, 17, 6, 1, 1, 1, 1, '2018-08-30 06:50:17', '2018-08-30 06:50:17'),
(86, 18, 6, 1, 1, 1, 1, '2018-08-30 06:50:17', '2018-08-30 06:50:17'),
(87, 27, 6, 0, 0, 0, 1, '2018-08-30 06:50:17', '2018-08-30 06:50:17'),
(88, 28, 6, 0, 0, 0, 1, '2018-08-30 06:50:17', '2018-08-30 06:50:17'),
(89, 31, 6, 0, 0, 0, 1, '2018-08-30 06:50:17', '2018-08-30 06:50:17'),
(90, 26, 6, 0, 0, 0, 1, '2018-08-30 07:08:23', '2018-08-30 07:08:23'),
(92, 17, 2, 1, 1, 1, 1, '2018-09-03 02:45:00', '2018-09-03 02:45:00'),
(93, 18, 2, 1, 1, 1, 1, '2018-09-03 02:45:00', '2018-09-03 02:45:00'),
(94, 26, 2, 1, 1, 1, 1, '2018-09-03 02:45:00', '2018-09-03 02:45:00'),
(95, 27, 2, 1, 0, 1, 1, '2018-09-03 02:45:00', '2018-09-03 02:45:00'),
(96, 28, 2, 1, 1, 1, 1, '2018-09-03 02:45:00', '2018-09-03 02:45:00'),
(97, 29, 2, 1, 1, 1, 1, '2018-09-03 02:45:00', '2018-09-03 02:45:00'),
(98, 31, 2, 1, 0, 1, 1, '2018-09-03 02:45:00', '2018-09-03 02:45:00'),
(100, 38, 4, 1, 0, 1, 1, '2018-09-03 07:51:24', '2018-09-03 07:51:24'),
(101, 27, 3, 1, 0, 0, 1, '2018-09-07 08:13:17', '2018-09-07 08:13:17'),
(102, 29, 3, 1, 1, 1, 1, '2018-09-07 08:13:17', '2018-09-07 08:13:17'),
(103, 14, 2, 1, 0, 0, 1, '2018-09-07 08:16:40', '2018-09-07 08:16:40'),
(104, 15, 2, 1, 0, 1, 1, '2018-09-07 08:16:40', '2018-09-07 08:16:40'),
(105, 16, 2, 0, 0, 0, 1, '2018-09-07 08:16:40', '2018-09-07 08:16:40'),
(106, 32, 2, 1, 0, 1, 1, '2018-09-07 08:16:40', '2018-09-07 08:16:40'),
(107, 37, 2, 1, 0, 1, 1, '2018-09-07 08:16:40', '2018-09-07 08:16:40'),
(108, 38, 2, 1, 0, 1, 1, '2018-09-07 08:16:40', '2018-09-07 08:16:40'),
(109, 30, 2, 1, 0, 1, 1, '2018-09-08 06:27:24', '2018-09-08 06:27:24'),
(110, 35, 2, 1, 1, 1, 1, '2018-09-08 06:27:24', '2018-09-08 06:27:24'),
(113, 17, 7, 1, 0, 0, 1, '2018-09-19 08:38:29', '2018-09-19 08:38:29'),
(114, 18, 7, 1, 0, 0, 1, '2018-09-19 08:38:29', '2018-09-19 08:38:29'),
(115, 27, 7, 0, 0, 1, 1, '2018-09-19 08:38:29', '2018-09-19 08:38:29'),
(116, 28, 7, 1, 0, 1, 1, '2018-09-19 08:38:29', '2018-09-19 08:38:29'),
(117, 29, 7, 1, 1, 1, 1, '2018-09-19 08:38:29', '2018-09-19 08:38:29'),
(118, 30, 7, 1, 0, 1, 1, '2018-09-19 08:38:29', '2018-09-19 08:38:29'),
(119, 31, 7, 1, 0, 1, 1, '2018-09-19 08:38:29', '2018-09-19 08:38:29'),
(120, 32, 7, 1, 0, 1, 1, '2018-09-19 08:38:29', '2018-09-19 08:38:29'),
(122, 26, 7, 1, 1, 1, 1, '2018-09-19 08:42:33', '2018-09-19 08:42:33'),
(123, 35, 7, 1, 0, 1, 1, '2018-09-19 08:42:33', '2018-09-19 08:42:33'),
(124, 28, 5, 0, 0, 0, 1, '2018-09-19 10:59:57', '2018-09-19 10:59:57'),
(125, 27, 5, 0, 0, 0, 1, '2018-09-19 11:02:08', '2018-09-19 11:02:08'),
(126, 29, 4, 0, 0, 0, 1, '2018-10-09 07:16:23', '2018-10-09 07:16:23'),
(127, 37, 7, 1, 0, 0, 1, '2018-10-09 23:16:13', '2018-10-09 23:16:13'),
(128, 38, 7, 1, 0, 1, 1, '2018-10-09 23:16:13', '2018-10-09 23:16:13'),
(129, 39, 1, 1, 1, 1, 1, '2019-02-19 01:34:30', '2019-02-19 01:34:30'),
(130, 40, 1, 1, 1, 1, 1, '2019-02-19 01:37:56', '2019-02-19 01:37:56'),
(131, 41, 1, 1, 1, 1, 1, '2019-02-19 01:37:56', '2019-02-19 01:37:56');

-- --------------------------------------------------------

--
-- 表的结构 `roles`
--

CREATE TABLE `roles` (
  `id` int(10) UNSIGNED NOT NULL,
  `name` varchar(191) COLLATE utf8mb4_unicode_ci NOT NULL,
  `desc` varchar(191) COLLATE utf8mb4_unicode_ci NOT NULL,
  `created_at` timestamp NULL DEFAULT NULL,
  `updated_at` timestamp NULL DEFAULT NULL,
  `deleted_at` timestamp NULL DEFAULT NULL
) ENGINE=InnoDB DEFAULT CHARSET=utf8mb4 COLLATE=utf8mb4_unicode_ci;

--
-- 转存表中的数据 `roles`
--

INSERT INTO `roles` (`id`, `name`, `desc`, `created_at`, `updated_at`, `deleted_at`) VALUES
(1, '管理员', '系统管理员，最高权限', '2018-02-28 03:10:30', '2018-08-17 01:01:27', NULL),
(2, '运营', '公司运营组', '2018-02-28 03:58:50', '2018-09-07 08:15:37', NULL),
(3, '财务', '公司财务组', '2018-02-28 03:59:11', '2018-08-17 01:01:08', NULL),
(4, '代理商', '代理商用户组', '2018-08-10 05:22:02', '2018-08-17 01:00:55', NULL),
(5, '直营客户', '公司直营客户权限组', '2018-08-17 01:05:30', '2018-08-17 01:05:30', NULL),
(6, '商家', '代理商子代理', '2018-08-30 04:53:47', '2018-09-28 06:46:05', NULL),
(7, '市场维护', '市场维护', '2018-09-08 08:53:56', '2018-09-28 06:46:21', NULL);

-- --------------------------------------------------------

--
-- 表的结构 `role_user`
--

CREATE TABLE `role_user` (
  `id` int(10) UNSIGNED NOT NULL,
  `role_id` int(11) NOT NULL,
  `user_id` int(11) NOT NULL,
  `created_at` timestamp NULL DEFAULT NULL,
  `updated_at` timestamp NULL DEFAULT NULL
) ENGINE=InnoDB DEFAULT CHARSET=utf8mb4 COLLATE=utf8mb4_unicode_ci;

--
-- 转存表中的数据 `role_user`
--

INSERT INTO `role_user` (`id`, `role_id`, `user_id`, `created_at`, `updated_at`) VALUES
(2, 2, 3, NULL, NULL),
(6, 3, 1, NULL, NULL),
(9, 1, 4, NULL, NULL),
(10, 4, 8, '2018-08-15 02:26:20', '2018-08-15 02:26:20'),
(11, 4, 9, '2018-08-15 02:40:27', '2018-08-15 02:40:27'),
(12, 1, 2, '2018-08-17 07:26:24', '2018-08-17 07:26:24'),
(13, 5, 12, '2018-08-17 07:53:03', '2018-08-17 07:53:03'),
(14, 4, 14, '2018-08-27 14:15:02', '2018-08-27 14:15:02'),
(15, 4, 15, '2018-08-27 14:21:11', '2018-08-27 14:21:11'),
(16, 6, 16, '2018-08-30 06:43:38', '2018-08-30 06:43:38'),
(19, 4, 17, '2018-08-30 06:58:42', '2018-08-30 06:58:42'),
(20, 6, 18, '2018-08-30 07:04:37', '2018-08-30 07:04:37'),
(21, 1, 19, '2018-08-30 18:54:27', '2018-08-30 18:54:27'),
(22, 4, 20, '2018-08-31 06:02:56', '2018-08-31 06:02:56'),
(23, 4, 21, '2018-09-02 16:35:54', '2018-09-02 16:35:54'),
(24, 3, 22, '2018-09-03 02:42:27', '2018-09-03 02:42:27'),
(26, 4, 24, '2018-09-05 03:51:33', '2018-09-05 03:51:33'),
(28, 6, 26, '2018-09-08 13:01:31', '2018-09-08 13:01:31'),
(29, 5, 27, '2018-09-09 08:57:18', '2018-09-09 08:57:18'),
(30, 5, 28, '2018-09-09 09:06:18', '2018-09-09 09:06:18'),
(31, 5, 29, '2018-09-09 09:19:57', '2018-09-09 09:19:57'),
(32, 5, 30, '2018-09-09 09:46:14', '2018-09-09 09:46:14'),
(33, 5, 31, '2018-09-09 18:35:27', '2018-09-09 18:35:27'),
(34, 5, 32, '2018-09-11 05:31:18', '2018-09-11 05:31:18'),
(36, 6, 34, '2018-09-13 02:33:09', '2018-09-13 02:33:09'),
(37, 6, 35, '2018-09-13 03:01:11', '2018-09-13 03:01:11'),
(38, 6, 36, '2018-09-13 03:03:03', '2018-09-13 03:03:03'),
(39, 6, 37, '2018-09-13 03:04:18', '2018-09-13 03:04:18'),
(40, 6, 38, '2018-09-13 03:17:10', '2018-09-13 03:17:10'),
(41, 6, 39, '2018-09-13 07:11:17', '2018-09-13 07:11:17'),
(42, 6, 40, '2018-09-13 07:16:11', '2018-09-13 07:16:11'),
(43, 6, 41, '2018-09-13 07:19:04', '2018-09-13 07:19:04'),
(44, 6, 42, '2018-09-13 07:20:30', '2018-09-13 07:20:30'),
(45, 4, 43, '2018-09-13 10:58:03', '2018-09-13 10:58:03'),
(46, 6, 44, '2018-09-13 14:54:23', '2018-09-13 14:54:23'),
(47, 6, 45, '2018-09-14 03:22:51', '2018-09-14 03:22:51'),
(48, 4, 49, '2018-09-14 05:27:32', '2018-09-14 05:27:32'),
(49, 6, 50, '2018-09-14 05:55:29', '2018-09-14 05:55:29'),
(50, 6, 51, '2018-09-14 06:04:30', '2018-09-14 06:04:30'),
(51, 6, 52, '2018-09-14 06:34:35', '2018-09-14 06:34:35'),
(52, 6, 53, '2018-09-15 10:32:28', '2018-09-15 10:32:28'),
(53, 6, 54, '2018-09-15 11:38:41', '2018-09-15 11:38:41'),
(54, 6, 55, '2018-09-15 12:45:28', '2018-09-15 12:45:28'),
(55, 5, 56, '2018-09-16 04:36:08', '2018-09-16 04:36:08'),
(56, 5, 57, '2018-09-16 04:37:33', '2018-09-16 04:37:33'),
(57, 5, 58, '2018-09-16 04:39:21', '2018-09-16 04:39:21'),
(58, 5, 59, '2018-09-16 04:40:50', '2018-09-16 04:40:50'),
(59, 5, 60, '2018-09-16 04:44:46', '2018-09-16 04:44:46'),
(60, 4, 61, '2018-09-16 08:04:17', '2018-09-16 08:04:17'),
(61, 6, 62, '2018-09-16 09:15:31', '2018-09-16 09:15:31'),
(62, 5, 63, '2018-09-16 10:08:15', '2018-09-16 10:08:15'),
(63, 5, 64, '2018-09-16 10:09:51', '2018-09-16 10:09:51'),
(64, 5, 65, '2018-09-16 10:14:19', '2018-09-16 10:14:19'),
(65, 5, 66, '2018-09-16 10:16:10', '2018-09-16 10:16:10'),
(66, 5, 67, '2018-09-16 10:18:57', '2018-09-16 10:18:57'),
(67, 5, 68, '2018-09-16 10:27:01', '2018-09-16 10:27:01'),
(68, 5, 69, '2018-09-16 10:29:13', '2018-09-16 10:29:13'),
(69, 5, 70, '2018-09-16 10:30:59', '2018-09-16 10:30:59'),
(70, 6, 71, '2018-09-16 14:02:26', '2018-09-16 14:02:26'),
(71, 6, 72, '2018-09-16 15:51:55', '2018-09-16 15:51:55'),
(72, 6, 73, '2018-09-17 04:11:38', '2018-09-17 04:11:38'),
(73, 6, 74, '2018-09-17 05:05:06', '2018-09-17 05:05:06'),
(74, 4, 75, '2018-09-17 10:35:25', '2018-09-17 10:35:25'),
(75, 6, 76, '2018-09-17 12:17:58', '2018-09-17 12:17:58'),
(76, 6, 77, '2018-09-17 13:54:12', '2018-09-17 13:54:12'),
(77, 5, 78, '2018-09-18 00:50:29', '2018-09-18 00:50:29'),
(78, 5, 79, '2018-09-18 00:59:00', '2018-09-18 00:59:00'),
(79, 5, 80, '2018-09-18 01:01:39', '2018-09-18 01:01:39'),
(80, 5, 81, '2018-09-18 01:11:48', '2018-09-18 01:11:48'),
(81, 5, 82, '2018-09-18 01:13:14', '2018-09-18 01:13:14'),
(82, 5, 83, '2018-09-18 01:15:00', '2018-09-18 01:15:00'),
(83, 5, 84, '2018-09-18 01:16:20', '2018-09-18 01:16:20'),
(84, 5, 85, '2018-09-18 01:17:32', '2018-09-18 01:17:32'),
(85, 5, 86, '2018-09-18 01:19:01', '2018-09-18 01:19:01'),
(86, 5, 87, '2018-09-18 01:20:23', '2018-09-18 01:20:23'),
(87, 5, 88, '2018-09-18 01:21:25', '2018-09-18 01:21:25'),
(88, 5, 89, '2018-09-18 01:22:56', '2018-09-18 01:22:56'),
(89, 6, 90, '2018-09-18 02:06:56', '2018-09-18 02:06:56'),
(90, 5, 91, '2018-09-19 01:44:37', '2018-09-19 01:44:37'),
(91, 5, 92, '2018-09-19 01:46:09', '2018-09-19 01:46:09'),
(92, 5, 93, '2018-09-19 01:47:48', '2018-09-19 01:47:48'),
(93, 5, 94, '2018-09-19 01:49:15', '2018-09-19 01:49:15'),
(94, 5, 95, '2018-09-19 01:53:14', '2018-09-19 01:53:14'),
(95, 6, 96, '2018-09-19 02:49:56', '2018-09-19 02:49:56'),
(96, 6, 97, '2018-09-19 02:51:37', '2018-09-19 02:51:37'),
(97, 6, 98, '2018-09-19 05:19:15', '2018-09-19 05:19:15'),
(98, 5, 99, '2018-09-19 06:51:45', '2018-09-19 06:51:45'),
(99, 5, 100, '2018-09-19 06:53:16', '2018-09-19 06:53:16'),
(100, 5, 101, '2018-09-19 06:54:47', '2018-09-19 06:54:47'),
(101, 5, 102, '2018-09-19 06:55:54', '2018-09-19 06:55:54'),
(102, 5, 103, '2018-09-19 06:56:50', '2018-09-19 06:56:50'),
(103, 5, 104, '2018-09-19 06:57:54', '2018-09-19 06:57:54'),
(104, 5, 105, '2018-09-19 07:02:42', '2018-09-19 07:02:42'),
(105, 5, 106, '2018-09-19 07:03:45', '2018-09-19 07:03:45'),
(106, 5, 107, '2018-09-19 07:04:50', '2018-09-19 07:04:50'),
(107, 5, 108, '2018-09-19 07:05:50', '2018-09-19 07:05:50'),
(108, 5, 109, '2018-09-19 07:07:07', '2018-09-19 07:07:07'),
(109, 5, 110, '2018-09-19 07:09:38', '2018-09-19 07:09:38'),
(110, 5, 111, '2018-09-19 07:11:01', '2018-09-19 07:11:01'),
(111, 5, 112, '2018-09-19 07:13:52', '2018-09-19 07:13:52'),
(112, 5, 113, '2018-09-19 07:15:33', '2018-09-19 07:15:33'),
(113, 5, 114, '2018-09-19 07:16:52', '2018-09-19 07:16:52'),
(114, 5, 115, '2018-09-19 07:17:58', '2018-09-19 07:17:58'),
(115, 5, 116, '2018-09-19 07:19:08', '2018-09-19 07:19:08'),
(116, 7, 25, '2018-09-19 08:39:05', '2018-09-19 08:39:05'),
(117, 7, 23, '2018-09-19 08:39:14', '2018-09-19 08:39:14'),
(118, 6, 117, '2018-09-19 09:51:51', '2018-09-19 09:51:51'),
(119, 6, 118, '2018-09-19 09:54:04', '2018-09-19 09:54:04'),
(120, 6, 119, '2018-09-20 09:02:23', '2018-09-20 09:02:23'),
(121, 6, 120, '2018-09-21 03:18:21', '2018-09-21 03:18:21'),
(122, 6, 121, '2018-09-23 02:00:49', '2018-09-23 02:00:49'),
(123, 6, 122, '2018-09-25 09:46:43', '2018-09-25 09:46:43'),
(125, 6, 124, '2018-09-26 04:03:49', '2018-09-26 04:03:49'),
(126, 6, 125, '2018-09-26 04:25:38', '2018-09-26 04:25:38'),
(128, 6, 127, '2018-09-28 07:00:46', '2018-09-28 07:00:46'),
(129, 7, 128, '2018-09-28 07:02:17', '2018-09-28 07:02:17'),
(130, 7, 129, '2018-09-28 07:03:49', '2018-09-28 07:03:49'),
(131, 6, 131, '2018-09-28 07:24:10', '2018-09-28 07:24:10'),
(132, 6, 132, '2018-09-28 07:36:20', '2018-09-28 07:36:20'),
(133, 6, 133, '2018-09-28 07:41:47', '2018-09-28 07:41:47'),
(134, 5, 134, '2018-09-28 08:55:30', '2018-09-28 08:55:30'),
(135, 5, 135, '2018-09-28 08:57:19', '2018-09-28 08:57:19'),
(136, 5, 136, '2018-09-28 08:58:49', '2018-09-28 08:58:49'),
(137, 5, 137, '2018-09-28 09:00:12', '2018-09-28 09:00:12'),
(138, 5, 138, '2018-09-28 09:01:32', '2018-09-28 09:01:32'),
(139, 5, 139, '2018-09-28 09:03:03', '2018-09-28 09:03:03'),
(140, 5, 140, '2018-09-28 09:04:48', '2018-09-28 09:04:48'),
(141, 5, 141, '2018-09-28 09:16:20', '2018-09-28 09:16:20'),
(142, 5, 142, '2018-09-28 09:16:27', '2018-09-28 09:16:27'),
(143, 5, 143, '2018-09-28 09:18:00', '2018-09-28 09:18:00'),
(144, 5, 144, '2018-09-28 09:19:52', '2018-09-28 09:19:52'),
(146, 7, 146, '2018-09-28 10:06:30', '2018-09-28 10:06:30'),
(149, 2, 147, '2018-09-28 13:50:18', '2018-09-28 13:50:18'),
(150, 3, 148, '2018-09-28 14:07:22', '2018-09-28 14:07:22'),
(151, 2, 149, '2018-09-28 14:11:46', '2018-09-28 14:11:46'),
(152, 7, 150, '2018-09-28 14:12:32', '2018-09-28 14:12:32'),
(153, 2, 151, '2018-09-28 15:14:54', '2018-09-28 15:14:54'),
(154, 6, 152, '2018-09-28 15:23:08', '2018-09-28 15:23:08'),
(156, 5, 145, '2018-09-29 01:32:53', '2018-09-29 01:32:53'),
(157, 6, 153, '2018-09-29 12:12:26', '2018-09-29 12:12:26'),
(158, 6, 154, '2018-09-29 12:34:47', '2018-09-29 12:34:47'),
(159, 6, 155, '2018-09-29 12:54:15', '2018-09-29 12:54:15'),
(160, 6, 156, '2018-09-30 09:34:13', '2018-09-30 09:34:13'),
(161, 5, 157, '2018-09-30 15:41:35', '2018-09-30 15:41:35'),
(162, 5, 158, '2018-09-30 15:49:49', '2018-09-30 15:49:49'),
(163, 6, 159, '2018-10-01 06:31:59', '2018-10-01 06:31:59'),
(164, 6, 160, '2018-10-01 06:34:17', '2018-10-01 06:34:17'),
(165, 2, 161, '2018-10-01 08:06:37', '2018-10-01 08:06:37'),
(166, 2, 162, '2018-10-01 12:41:36', '2018-10-01 12:41:36'),
(167, 6, 163, '2018-10-01 13:10:24', '2018-10-01 13:10:24'),
(168, 6, 164, '2018-10-01 14:26:31', '2018-10-01 14:26:31'),
(169, 6, 165, '2018-10-02 09:52:19', '2018-10-02 09:52:19'),
(170, 6, 166, '2018-10-02 10:02:14', '2018-10-02 10:02:14'),
(171, 6, 167, '2018-10-03 14:46:21', '2018-10-03 14:46:21'),
(172, 6, 168, '2018-10-03 14:52:29', '2018-10-03 14:52:29'),
(173, 6, 169, '2018-10-03 15:08:23', '2018-10-03 15:08:23'),
(174, 6, 170, '2018-10-03 15:32:37', '2018-10-03 15:32:37'),
(175, 6, 171, '2018-10-03 15:34:40', '2018-10-03 15:34:40'),
(176, 6, 172, '2018-10-03 15:37:24', '2018-10-03 15:37:24'),
(177, 6, 173, '2018-10-04 06:53:27', '2018-10-04 06:53:27'),
(178, 6, 174, '2018-10-04 11:55:56', '2018-10-04 11:55:56'),
(179, 4, 175, '2018-10-05 01:39:41', '2018-10-05 01:39:41'),
(180, 6, 176, '2018-10-05 01:41:51', '2018-10-05 01:41:51'),
(181, 6, 177, '2018-10-05 01:42:35', '2018-10-05 01:42:35'),
(182, 6, 178, '2018-10-05 02:11:00', '2018-10-05 02:11:00'),
(183, 6, 179, '2018-10-05 11:29:08', '2018-10-05 11:29:08'),
(184, 6, 180, '2018-10-05 11:46:25', '2018-10-05 11:46:25'),
(185, 6, 181, '2018-10-05 12:55:49', '2018-10-05 12:55:49'),
(186, 6, 182, '2018-10-06 08:46:26', '2018-10-06 08:46:26'),
(187, 6, 183, '2018-10-06 08:56:16', '2018-10-06 08:56:16'),
(188, 7, 184, '2018-10-06 09:04:12', '2018-10-06 09:04:12'),
(189, 6, 185, '2018-10-06 10:31:09', '2018-10-06 10:31:09'),
(190, 2, 186, '2018-10-06 12:05:37', '2018-10-06 12:05:37'),
(191, 4, 187, '2018-10-07 12:53:13', '2018-10-07 12:53:13'),
(192, 5, 188, '2018-10-07 12:55:28', '2018-10-07 12:55:28'),
(193, 6, 189, '2018-10-08 01:01:21', '2018-10-08 01:01:21'),
(194, 4, 190, '2018-10-08 01:24:39', '2018-10-08 01:24:39'),
(195, 6, 191, '2018-10-08 01:26:39', '2018-10-08 01:26:39'),
(197, 6, 192, '2018-10-08 13:49:55', '2018-10-08 13:49:55'),
(198, 6, 193, '2018-10-08 13:51:51', '2018-10-08 13:51:51'),
(199, 6, 194, '2018-10-08 15:55:23', '2018-10-08 15:55:23'),
(200, 5, 195, '2018-10-09 00:59:36', '2018-10-09 00:59:36'),
(201, 6, 196, '2018-10-09 04:06:23', '2018-10-09 04:06:23'),
(203, 2, 197, '2018-10-09 07:30:51', '2018-10-09 07:30:51'),
(204, 4, 123, '2018-10-09 07:32:06', '2018-10-09 07:32:06'),
(205, 5, 33, '2018-10-09 23:12:15', '2018-10-09 23:12:15'),
(206, 6, 198, '2018-10-10 03:55:11', '2018-10-10 03:55:11'),
(207, 6, 199, '2018-10-10 05:29:37', '2018-10-10 05:29:37'),
(208, 6, 200, '2018-10-10 06:07:35', '2018-10-10 06:07:35');

-- --------------------------------------------------------

--
-- 表的结构 `system`
--

CREATE TABLE `system` (
  `id` int(10) UNSIGNED NOT NULL,
  `uid` int(11) NOT NULL DEFAULT '0',
  `service` varchar(90) COLLATE utf8mb4_unicode_ci DEFAULT NULL,
  `qq` varchar(30) COLLATE utf8mb4_unicode_ci DEFAULT NULL,
  `buy_link` varchar(200) COLLATE utf8mb4_unicode_ci DEFAULT NULL,
  `announce` text COLLATE utf8mb4_unicode_ci,
  `created_at` timestamp NULL DEFAULT NULL,
  `updated_at` timestamp NULL DEFAULT NULL,
  `deleted_at` timestamp NULL DEFAULT NULL
) ENGINE=InnoDB DEFAULT CHARSET=utf8mb4 COLLATE=utf8mb4_unicode_ci;

--
-- 转存表中的数据 `system`
--

INSERT INTO `system` (`id`, `uid`, `service`, `qq`, `buy_link`, `announce`, `created_at`, `updated_at`, `deleted_at`) VALUES
(1, 2, '阿斯蒂芬', '12aaaaaaa', 'http://www.baidu.com', '22阿萨德000000', '2018-09-03 09:18:19', '2018-09-04 11:11:42', NULL),
(2, 2, 'http://www.baidu.com', '3116666661', 'baidu.com', 'aaaa', '2018-09-03 09:26:37', '2018-09-03 09:26:37', NULL),
(3, 2, 'http://www.baidu.com', '3116666661', 'baidu.com', 'aaaa', '2018-09-03 09:27:27', '2018-09-03 09:27:27', NULL),
(4, 2, '2222', '1222', '2222', '2222', '2018-09-03 09:27:58', '2018-09-03 09:27:58', NULL),
(5, 2, '222', '122', '222', '222', '2018-09-03 09:30:39', '2018-09-03 09:30:39', NULL),
(6, 20, 'http://www.taobao.com/help.html', '3116666661', 'https://item.taobao.com/item.htm?id=576695364282', '售后群865592716，推荐好友购买可享受现金返现哦！', '2018-09-05 05:20:25', '2018-10-04 12:56:36', NULL),
(7, 18, 'http://elitesc.taobao.com', '2841221711', 'http://elitesc.taobao.com', '邀请好友购买！现金立返！具体详细请点击咨询客服！！', '2018-09-25 02:39:59', '2018-10-08 05:55:40', NULL),
(8, 21, 'http://www.sucaia.com/vedio.mp4', '504033035', 'https://shop65870411.taobao.com/', '有问题联系QQ：504033035', '2018-09-28 06:06:46', '2018-09-29 03:39:10', NULL),
(9, 21, '11', '111', '111', NULL, '2018-09-28 06:06:47', '2018-09-28 06:06:47', NULL),
(10, 19, 'https://dwz.cn/AEyfyzSM', '80990677', 'https://dwz.cn/AEyfyzSM', '千图网10月10号15点开放解析  （淘宝：24小时内10字以上好评，可获得20G设计师精选字体）', '2018-09-30 10:27:06', '2018-10-09 16:34:17', NULL),
(11, 24, 'https://maoxy.taobao.com', '2574522520', 'https://item.taobao.com/item.htm?id=578955350441', '亲，有问题，请加我QQ咨询，谢谢', '2018-10-04 05:29:37', '2018-10-07 03:34:13', NULL),
(12, 22, 'http://doc.com', '111111', 'http://buy.com', '我是公告', '2018-10-05 02:40:33', '2018-10-05 02:44:16', NULL);

-- --------------------------------------------------------

--
-- 表的结构 `tree`
--

CREATE TABLE `tree` (
  `id` int(11) NOT NULL,
  `path` varchar(250) COLLATE utf8_unicode_ci DEFAULT NULL,
  `label` varchar(30) COLLATE utf8_unicode_ci DEFAULT NULL,
  `level` int(11) NOT NULL DEFAULT '0' COMMENT '层级',
  `description` varchar(255) COLLATE utf8_unicode_ci DEFAULT NULL,
  `is_root` int(11) NOT NULL DEFAULT '0',
  `sort` int(11) NOT NULL DEFAULT '0',
  `is_open` int(11) NOT NULL DEFAULT '0' COMMENT '首页是否显示 1时候  0否',
  `created_at` timestamp NOT NULL DEFAULT CURRENT_TIMESTAMP,
  `updated_at` datetime DEFAULT NULL,
  `deleted_at` datetime DEFAULT NULL
) ENGINE=InnoDB DEFAULT CHARSET=utf8 COLLATE=utf8_unicode_ci;

--
-- 转存表中的数据 `tree`
--

INSERT INTO `tree` (`id`, `path`, `label`, `level`, `description`, `is_root`, `sort`, `is_open`, `created_at`, `updated_at`, `deleted_at`) VALUES
(1, '1', '全部', 1, '感悟人生真谛,让设计与生活互动', 1, 1, 1, '2018-07-19 07:47:20', NULL, NULL),
(66, '1/66', '高清图库', 2, '高清图库', 0, 3, 1, '2017-03-10 02:15:59', '2018-08-25 15:01:46', NULL),
(69, '1/69', '背景', 2, '背景', 0, 4, 1, '2017-03-10 02:17:16', '2018-08-25 15:01:54', NULL),
(75, '1/75', '平面广告', 2, '平面广告', 0, 1, 1, '2017-03-10 05:50:08', '2018-08-25 15:01:17', NULL),
(86, '1/86', '设计元素', 2, '设计元素', 0, 2, 1, '2017-04-21 02:36:20', '2018-08-25 15:01:27', NULL),
(92, '1/92', 'PPT模板', 2, 'PPT模板', 0, 5, 1, '2018-07-19 06:52:23', '2018-08-25 15:02:08', NULL),
(94, '1/75/94', '海报', 3, '海报', 0, 1, 1, '2018-07-19 07:54:23', '2018-08-25 15:05:43', NULL),
(95, '1/75/95', '包装', 3, '包装', 0, 2, 1, '2018-07-19 07:55:13', '2018-08-25 15:05:50', NULL),
(96, '1/75/96', 'DM/宣传单', 3, 'DM/宣传单', 0, 3, 1, '2018-07-19 07:55:29', '2018-08-25 15:05:59', NULL),
(97, '1/75/97', 'LOGO/标识', 3, 'LOGO/标识', 0, 4, 1, '2018-07-19 07:55:49', '2018-08-25 15:06:22', NULL),
(98, '1/75/98', 'VI/导视', 3, 'VI/导视', 0, 5, 1, '2018-07-19 07:56:13', '2018-08-25 15:06:39', NULL),
(99, '1/86/99', '产品实物', 3, '产品实物', 0, 1, 1, '2018-07-19 07:56:50', '2018-08-25 15:09:56', NULL),
(100, '1/86/100', '线条形状', 3, '线条形状', 0, 2, 1, '2018-07-19 07:57:05', '2018-08-25 15:10:34', NULL),
(101, '1/86/101', '纹理边框', 3, '纹理边框', 0, 3, 1, '2018-07-19 07:57:35', '2018-08-25 15:10:55', NULL),
(102, '1/86/102', '图标元素', 3, '图标元素', 0, 4, 1, '2018-07-19 07:57:46', '2018-08-25 15:11:02', NULL),
(103, '1/86/103', '艺术字', 3, '艺术字', 0, 5, 1, '2018-07-19 07:57:58', '2018-08-25 15:11:14', NULL),
(104, '1/66/104', '商用摄影图', 3, '商用摄影图', 0, 1, 1, '2018-07-19 07:58:13', '2018-08-25 15:13:26', NULL),
(105, '1/66/105', '图片素材', 3, '图片素材', 0, 2, 1, '2018-07-19 07:58:26', '2018-08-25 15:13:39', NULL),
(109, '1/69/109', 'Banner背景', 3, 'Banner背景', 0, 1, 1, '2018-07-19 07:59:15', '2018-08-25 15:14:13', NULL),
(110, '1/69/110', '广告背景', 3, '广告背景', 0, 2, 1, '2018-07-19 07:59:27', '2018-08-25 15:14:25', NULL),
(111, '1/69/111', '主图/直通车背景', 3, '主图/直通车背景', 0, 3, 1, '2018-07-19 07:59:43', '2018-08-25 15:14:44', NULL),
(112, '1/69/112', 'H5背景', 3, 'H5背景', 0, 4, 1, '2018-07-19 07:59:54', '2018-08-25 15:14:58', NULL),
(113, '1/69/113', '店铺背景', 3, '店铺背景', 0, 5, 1, '2018-07-19 08:00:09', '2018-08-25 15:15:14', NULL),
(114, '1/92/114', '工作汇报', 3, '工作汇报', 0, 1, 1, '2018-07-19 08:01:03', '2018-08-25 15:15:33', NULL),
(115, '1/92/115', 'PPT图表', 3, 'PPT图表', 0, 2, 1, '2018-07-19 08:01:42', '2018-08-25 15:15:50', NULL),
(116, '1/92/116', '公益宣传', 3, '公益宣传', 0, 3, 1, '2018-07-19 08:01:53', '2018-08-25 15:15:59', NULL),
(117, '1/92/117', '节日庆典', 3, '节日庆典', 0, 4, 1, '2018-07-19 08:02:06', '2018-08-25 15:16:14', NULL),
(118, '1/92/118', '政府党建', 3, '政府党建', 0, 5, 1, '2018-07-19 08:02:18', '2018-08-25 15:16:22', NULL),
(119, '1/119', '装饰装修', 2, '装饰装修', 0, 6, 1, '2018-08-25 07:03:10', '2018-08-25 15:03:10', NULL),
(120, '1/120', '产品工业', 2, '产品工业', 0, 7, 1, '2018-08-25 07:03:44', '2018-08-25 15:03:44', NULL),
(121, '1/121', '网页UI', 2, '网页UI', 0, 8, 1, '2018-08-25 07:03:56', '2018-08-25 15:03:56', NULL),
(122, '1/122', '电商淘宝', 2, '电商淘宝', 0, 9, 1, '2018-08-25 07:04:23', '2018-08-25 15:04:23', NULL),
(123, '1/123', '视频音效', 2, '视频音效', 0, 9, 1, '2018-08-25 07:04:31', '2018-08-25 15:04:31', NULL),
(124, '1/75/124', '动漫/插画', 3, '动漫/插画', 0, 6, 1, '2018-08-25 07:07:05', '2018-08-25 15:07:05', NULL),
(125, '1/75/125', '卡通/插画', 3, '卡通/插画', 0, 6, 1, '2018-08-25 07:07:23', '2018-08-25 15:07:23', NULL),
(126, '1/75/126', 'PS工具', 3, 'PS工具', 0, 7, 1, '2018-08-25 07:07:41', '2018-08-25 15:07:41', NULL),
(127, '1/75/127', '画册/装帧', 3, '画册/装帧', 0, 9, 1, '2018-08-25 07:08:09', '2018-08-25 15:08:09', NULL),
(128, '1/75/128', '名片/卡证', 3, '名片/卡证', 0, 10, 1, '2018-08-25 07:08:32', '2018-08-25 15:08:39', NULL),
(129, '1/75/129', '展板/展架', 3, '展板/展架', 0, 11, 1, '2018-08-25 07:08:59', '2018-08-25 15:08:59', NULL),
(130, '1/75/130', '相册/影楼', 3, '相册/影楼', 0, 12, 1, '2018-08-25 07:09:21', '2018-08-25 15:09:21', NULL),
(131, '1/86/131', '节日元素', 3, '节日元素', 0, 6, 1, '2018-08-25 07:11:31', '2018-08-25 15:11:31', NULL),
(132, '1/86/132', '促销标签', 3, '促销标签', 0, 7, 1, '2018-08-25 07:11:54', '2018-08-25 15:11:54', NULL),
(133, '1/86/133', '装饰图案', 3, '装饰图案', 0, 8, 1, '2018-08-25 07:12:04', '2018-08-25 15:12:04', NULL),
(134, '1/86/134', '效果素材', 3, '效果素材', 0, 9, 1, '2018-08-25 07:12:25', '2018-08-25 15:12:26', NULL),
(135, '1/86/135', '漂浮素材', 3, '漂浮素材', 0, 10, 1, '2018-08-25 07:12:33', '2018-08-25 15:12:33', NULL),
(136, '1/86/136', 'PPT元素', 3, 'PPT元素', 0, 11, 1, '2018-08-25 07:12:47', '2018-08-25 15:12:47', NULL),
(137, '1/92/137', '营销策划', 3, '营销策划', 0, 6, 1, '2018-08-25 07:16:48', '2018-08-25 15:16:48', NULL),
(138, '1/92/138', '培训课件', 3, '培训课件', 0, 7, 1, '2018-08-25 07:17:03', '2018-08-25 15:17:03', NULL),
(139, '1/92/139', '企业宣传', 3, '企业宣传', 0, 8, 1, '2018-08-25 07:17:11', '2018-08-25 15:17:11', NULL),
(140, '1/92/140', '产品发布', 3, '产品发布', 0, 9, 1, '2018-08-25 07:17:24', '2018-08-25 15:17:31', NULL),
(141, '1/92/141', '商业计划书', 3, '商业计划书', 0, 10, 1, '2018-08-25 07:17:44', '2018-08-25 15:17:44', NULL),
(142, '1/92/142', '岗位竞聘', 3, '岗位竞聘', 0, 11, 1, '2018-08-25 07:19:25', '2018-08-25 15:19:30', NULL),
(143, '1/92/143', '个人简历', 3, '个人简历', 0, 12, 1, '2018-08-25 07:19:41', '2018-08-25 15:19:41', NULL),
(144, '1/92/144', '毕业答辩', 3, '毕业答辩', 0, 13, 1, '2018-08-25 07:19:59', '2018-08-25 15:19:59', NULL),
(145, '1/92/145', '计划总结', 3, '计划总结', 0, 14, 1, '2018-08-25 07:20:11', '2018-08-25 15:20:11', NULL),
(146, '1/92/146', '实用文档', 3, '实用文档', 0, 15, 1, '2018-08-25 07:20:24', '2018-08-25 15:20:24', NULL),
(147, '1/92/147', 'PPT', 3, 'PPT', 0, 16, 1, '2018-08-25 07:20:38', '2018-08-25 15:20:59', NULL),
(148, '1/92/148', 'Keynode模板', 3, 'Keynode模板', 0, 17, 1, '2018-08-25 07:20:54', '2018-08-25 15:20:54', NULL),
(149, '1/119/149', '装饰设计', 3, '装饰设计', 0, 1, 1, '2018-08-25 07:21:21', '2018-08-25 15:21:21', NULL),
(150, '1/119/150', '室内设计', 3, '室内设计', 0, 2, 1, '2018-08-25 07:21:29', '2018-08-25 15:21:29', NULL),
(151, '1/119/151', '建筑', 3, '建筑', 0, 3, 1, '2018-08-25 07:21:41', '2018-08-25 15:21:42', NULL),
(152, '1/119/152', '园林', 3, '园林', 0, 4, 1, '2018-08-25 07:21:50', '2018-08-25 15:21:50', NULL),
(153, '1/119/153', '3D模型', 3, '3D模型', 0, 5, 1, '2018-08-25 07:22:04', '2018-08-25 15:22:08', NULL),
(154, '1/119/154', '材质贴图', 3, '材质贴图', 0, 6, 1, '2018-08-25 07:22:27', '2018-08-25 15:22:27', NULL),
(155, '1/120/155', '办公', 3, '办公', 0, 1, 1, '2018-08-25 07:22:54', '2018-08-25 15:22:54', NULL),
(156, '1/120/156', '生活', 3, '生活', 0, 2, 1, '2018-08-25 07:23:01', '2018-08-25 15:23:01', NULL),
(157, '1/120/157', '数码', 3, '数码', 0, 3, 1, '2018-08-25 07:23:10', '2018-08-25 15:23:10', NULL),
(158, '1/120/158', '服装设计', 3, '服装设计', 0, 4, 1, '2018-08-25 07:23:33', '2018-08-25 15:23:33', NULL),
(159, '1/120/159', '交通', 3, '交通', 0, 5, 1, '2018-08-25 07:23:41', '2018-08-25 15:23:41', NULL),
(160, '1/120/160', '建材', 3, '素材', 0, 6, 1, '2018-08-25 07:23:48', '2018-08-25 15:24:37', NULL),
(161, '1/120/161', '电器', 3, '电器', 0, 7, 1, '2018-08-25 07:24:12', '2018-08-25 15:24:12', NULL),
(162, '1/120/162', '机械', 3, '机械', 0, 8, 1, '2018-08-25 07:24:21', '2018-08-25 15:24:21', NULL),
(163, '1/120/163', '饰品', 3, '饰品', 0, 9, 1, '2018-08-25 07:24:30', '2018-08-25 15:24:30', NULL),
(164, '1/121/164', '移动界面', 3, '移动界面', 0, 1, 1, '2018-08-25 07:25:04', '2018-08-25 15:25:04', NULL),
(165, '1/121/165', '网页界面', 3, '网页界面', 0, 2, 1, '2018-08-25 07:25:16', '2018-08-25 15:25:16', NULL),
(166, '1/121/166', 'H5', 3, 'H5', 0, 3, 1, '2018-08-25 07:25:35', '2018-08-25 15:25:35', NULL),
(167, '1/121/167', 'Icon', 3, 'Icon', 0, 4, 1, '2018-08-25 07:25:46', '2018-08-25 15:26:26', NULL),
(168, '1/121/168', 'Banner', 3, 'Banner', 0, 5, 1, '2018-08-25 07:26:00', '2018-08-25 15:26:30', NULL),
(169, '1/121/169', '游戏界面', 3, '游戏界面', 0, 6, 1, '2018-08-25 07:26:18', '2018-08-25 15:26:18', NULL),
(170, '1/122/170', '电商/淘宝海报', 3, '电商/淘宝海报', 0, 1, 1, '2018-08-25 07:26:53', '2018-08-25 15:26:53', NULL),
(171, '1/122/171', '直通车/钻展', 3, '直通车/钻展', 0, 2, 1, '2018-08-25 07:27:12', '2018-08-25 15:28:47', NULL),
(172, '1/122/172', '详情页模板', 3, '详情页模板', 0, 3, 1, '2018-08-25 07:27:40', '2018-08-25 15:27:40', NULL),
(173, '1/122/173', '首页模板', 3, '首页模板', 0, 4, 1, '2018-08-25 07:28:04', '2018-08-25 15:28:04', NULL),
(174, '1/122/174', '节日促销模板', 3, '节日促销模板', 0, 5, 1, '2018-08-25 07:28:21', '2018-08-25 15:28:21', NULL),
(175, '1/122/175', '移动端模板', 3, '移动端模板', 0, 6, 1, '2018-08-25 07:28:36', '2018-08-25 15:28:36', NULL),
(176, '1/122/176', '通用模板', 3, '通用模板', 0, 7, 1, '2018-08-25 07:28:43', '2018-08-25 15:28:43', NULL),
(177, '1/123/177', '实拍视频', 3, '实拍视频', 0, 1, 1, '2018-08-25 07:29:09', '2018-08-25 15:29:09', NULL),
(178, '1/123/178', '配乐/音效', 3, '配乐/音效', 0, 2, 1, '2018-08-25 07:29:28', '2018-08-25 15:29:28', NULL),
(179, '1/123/179', '视频素材', 3, '视频素材', 0, 3, 1, '2018-08-25 07:29:43', '2018-08-25 15:29:43', NULL),
(180, '1/123/180', '3D/VR素材', 3, '3D/VR素材', 0, 4, 1, '2018-08-25 07:30:10', '2018-08-25 15:30:10', NULL),
(181, '1/123/181', 'AE模板', 3, 'AE模板', 0, 5, 1, '2018-08-25 07:30:24', '2018-08-25 15:30:24', NULL),
(182, '1/123/182', '绘声绘影', 3, '绘声绘影', 0, 6, 1, '2018-08-25 07:30:35', '2018-08-25 15:30:35', NULL),
(183, '1/123/183', 'PR模板', 3, 'PR模板', 0, 7, 1, '2018-08-25 07:30:56', '2018-08-25 15:30:56', NULL),
(184, '1/123/184', 'Edius模板', 3, 'Edius模板', 0, 8, 1, '2018-08-25 07:31:11', '2018-08-25 15:31:11', NULL);

-- --------------------------------------------------------

--
-- 表的结构 `users`
--

CREATE TABLE `users` (
  `id` int(10) UNSIGNED NOT NULL,
  `name` varchar(191) COLLATE utf8mb4_unicode_ci DEFAULT NULL,
  `email` varchar(191) COLLATE utf8mb4_unicode_ci DEFAULT NULL,
  `desc` varchar(100) COLLATE utf8mb4_unicode_ci DEFAULT NULL,
  `discount` int(11) NOT NULL DEFAULT '0',
  `contact` varchar(30) COLLATE utf8mb4_unicode_ci DEFAULT NULL,
  `phone` varchar(20) COLLATE utf8mb4_unicode_ci DEFAULT NULL,
  `area` varchar(200) COLLATE utf8mb4_unicode_ci DEFAULT NULL,
  `address` varchar(100) COLLATE utf8mb4_unicode_ci DEFAULT NULL,
  `isopen` int(11) NOT NULL DEFAULT '0',
  `money` decimal(10,2) NOT NULL,
  `point` int(11) NOT NULL DEFAULT '0',
  `password` varchar(60) COLLATE utf8mb4_unicode_ci DEFAULT NULL,
  `parent_id` int(11) NOT NULL DEFAULT '0',
  `router` varchar(255) COLLATE utf8mb4_unicode_ci DEFAULT NULL,
  `level` int(11) DEFAULT '0',
  `owner_id` int(11) NOT NULL DEFAULT '0',
  `openid` varchar(100) COLLATE utf8mb4_unicode_ci DEFAULT NULL,
  `status` int(11) DEFAULT '0',
  `type` varchar(50) COLLATE utf8mb4_unicode_ci DEFAULT NULL,
  `preferences` text COLLATE utf8mb4_unicode_ci,
  `remember_token` varchar(100) COLLATE utf8mb4_unicode_ci DEFAULT NULL,
  `created_at` timestamp NULL DEFAULT NULL,
  `updated_at` timestamp NULL DEFAULT NULL,
  `deleted_at` timestamp NULL DEFAULT NULL
) ENGINE=InnoDB DEFAULT CHARSET=utf8mb4 COLLATE=utf8mb4_unicode_ci ROW_FORMAT=COMPACT;

--
-- 转存表中的数据 `users`
--

INSERT INTO `users` (`id`, `name`, `email`, `desc`, `discount`, `contact`, `phone`, `area`, `address`, `isopen`, `money`, `point`, `password`, `parent_id`, `router`, `level`, `owner_id`, `openid`, `status`, `type`, `preferences`, `remember_token`, `created_at`, `updated_at`, `deleted_at`) VALUES
(2, '管理员', '9527@qq.com', 'icat', 0, '管理员', '18627338888', '[\"辽宁省\",\"大连市\",\"甘井子区\"]', '凌海路1号', 1, '0.00', 0, '$2y$10$3h8q0KAAvATTIOcU8d/8Y.QBgsWHqKKXJwDXT4t71AkC02CnPsavG', 2, '2', 2, 2, NULL, 1, 'admin', NULL, NULL, '2017-06-17 01:07:35', '2019-02-18 08:22:56', NULL),
(15, '叶文华', 'ywh@163.com', NULL, 0, '张家贵', '13922120003', '[\"湖南省\",\"长沙市\",\"雨花区\"]', '馨心公益', 1, '0.00', 0, '$2y$10$sA1IDUY7cWZa9k0CdC86v./9u4vIEePvhI1oDtSxYgq/LbziPr1H2', 2, '2,15', 2, 2, NULL, 1, 'agent', NULL, NULL, '2018-08-27 14:20:59', '2018-10-10 03:05:44', NULL);

-- --------------------------------------------------------

--
-- 表的结构 `website`
--

CREATE TABLE `website` (
  `id` int(10) UNSIGNED NOT NULL,
  `name` varchar(50) COLLATE utf8mb4_unicode_ci DEFAULT NULL,
  `url` varchar(100) COLLATE utf8mb4_unicode_ci DEFAULT NULL,
  `alias` varchar(30) COLLATE utf8mb4_unicode_ci DEFAULT NULL,
  `type` enum('money','point') COLLATE utf8mb4_unicode_ci DEFAULT NULL,
  `isopen` int(11) NOT NULL DEFAULT '0',
  `created_at` timestamp NULL DEFAULT NULL,
  `updated_at` timestamp NULL DEFAULT NULL,
  `deleted_at` timestamp NULL DEFAULT NULL
) ENGINE=InnoDB DEFAULT CHARSET=utf8mb4 COLLATE=utf8mb4_unicode_ci;

--
-- 转存表中的数据 `website`
--

INSERT INTO `website` (`id`, `name`, `url`, `alias`, `type`, `isopen`, `created_at`, `updated_at`, `deleted_at`) VALUES
(1, '千图网', '58pic.com', '58pic', 'money', 1, '2018-08-27 03:30:14', '2018-10-09 23:45:16', NULL),
(2, '六图网', '16pic.com', '16pic', 'money', 1, '2018-08-27 03:32:57', '2018-09-09 13:14:42', NULL),
(3, '大图网', 'daimg.com', 'daimg', 'money', 1, '2018-08-28 08:45:53', '2018-09-09 13:14:36', NULL),
(4, '包图网', 'ibaotu.com', 'ibaotu', 'money', 1, '2018-08-28 09:02:01', '2018-09-29 15:06:59', NULL),
(5, '摄图网', '699pic.com', '699pic', 'money', 1, '2018-08-28 09:02:23', '2018-09-09 13:14:22', NULL),
(6, '千库网', '588ku.com', '588ku', 'money', 1, '2018-08-28 09:24:24', '2018-09-09 13:14:15', NULL),
(7, '昵图网', 'nipic.com', 'nipic', 'point', 1, '2018-08-28 09:26:01', '2018-09-09 13:14:07', NULL),
(8, '90设计', '90sheji.com', '90sheji', 'money', 1, '2018-08-28 09:26:31', '2018-09-09 13:13:59', NULL),
(9, '我图网', 'ooopic.com', 'ooopic', 'money', 1, '2018-08-28 09:28:21', '2018-09-09 13:13:50', NULL),
(10, '图品汇', '88tph.com', '88tph', 'money', 1, '2018-08-28 09:32:07', '2018-09-09 13:13:46', NULL),
(11, '觅元素', '51yuansu.com', '51yuansu', 'money', 1, '2018-08-29 00:43:43', '2018-09-09 13:13:35', NULL),
(12, '办图网', '888ppt.com', '888ppt', 'money', 0, '2018-08-29 00:44:15', '2018-09-09 13:13:55', NULL),
(13, '熊猫办公', 'tukuppt.com', 'tukuppt', 'money', 1, '2018-08-29 00:45:20', '2018-09-25 09:23:13', NULL),
(14, '觅知网', 'www.51miz.com', '51miz', 'money', 0, '2018-08-29 00:45:31', '2018-09-08 14:46:40', NULL),
(15, '这图网', 'www.zhepic.com', 'zhepic', 'money', 0, '2018-08-29 06:47:18', '2018-09-08 14:46:44', NULL),
(16, '搜图网', 'www.soutu123.com', 'soutu123', 'money', 0, '2018-08-29 06:50:48', '2018-09-08 14:46:48', NULL),
(17, '海洛创意', '2018.hellorf.com', 'hellorf', 'money', 0, '2018-08-30 02:29:29', '2018-09-08 14:46:52', NULL),
(18, '字体网', 'font.sszvip.com', 'font', 'money', 1, '2018-09-12 08:35:48', '2018-09-12 08:35:48', NULL),
(19, '百度文库', 'wenku.baidu.com', 'wenku', 'money', 0, '2018-09-25 10:53:26', '2018-09-25 10:53:26', NULL);

-- --------------------------------------------------------

--
-- 表的结构 `wechat`
--

CREATE TABLE `wechat` (
  `id` int(11) NOT NULL,
  `openid` varchar(255) COLLATE utf8mb4_unicode_ci DEFAULT NULL,
  `nickname` varchar(255) COLLATE utf8mb4_unicode_ci DEFAULT NULL,
  `sex` enum('man','woman') COLLATE utf8mb4_unicode_ci DEFAULT NULL,
  `subscribe` enum('yes','no') COLLATE utf8mb4_unicode_ci DEFAULT NULL,
  `headimgurl` varchar(255) COLLATE utf8mb4_unicode_ci DEFAULT NULL,
  `address` varchar(255) COLLATE utf8mb4_unicode_ci DEFAULT NULL,
  `unionid` varchar(255) COLLATE utf8mb4_unicode_ci DEFAULT NULL,
  `created_at` datetime DEFAULT NULL,
  `updated_at` datetime DEFAULT NULL,
  `deleted_at` datetime DEFAULT NULL
) ENGINE=InnoDB DEFAULT CHARSET=utf8mb4 COLLATE=utf8mb4_unicode_ci;

--
-- 转储表的索引
--

--
-- 表的索引 `cashlog`
--
ALTER TABLE `cashlog`
  ADD PRIMARY KEY (`id`);

--
-- 表的索引 `chargelog`
--
ALTER TABLE `chargelog`
  ADD PRIMARY KEY (`id`);

--
-- 表的索引 `combo`
--
ALTER TABLE `combo`
  ADD PRIMARY KEY (`id`),
  ADD KEY `type` (`type`),
  ADD KEY `isopen` (`isopen`),
  ADD KEY `is_private` (`is_private`);

--
-- 表的索引 `combo_site`
--
ALTER TABLE `combo_site`
  ADD PRIMARY KEY (`id`),
  ADD KEY `website_id` (`website_id`),
  ADD KEY `combo_id` (`combo_id`);

--
-- 表的索引 `customer_service`
--
ALTER TABLE `customer_service`
  ADD PRIMARY KEY (`id`);

--
-- 表的索引 `failed_jobs`
--
ALTER TABLE `failed_jobs`
  ADD PRIMARY KEY (`id`);

--
-- 表的索引 `images`
--
ALTER TABLE `images`
  ADD PRIMARY KEY (`id`);

--
-- 表的索引 `jobs`
--
ALTER TABLE `jobs`
  ADD PRIMARY KEY (`id`),
  ADD KEY `jobs_queue_reserved_at_index` (`queue`,`reserved_at`);

--
-- 表的索引 `memcombo`
--
ALTER TABLE `memcombo`
  ADD PRIMARY KEY (`id`),
  ADD KEY `member_id` (`pwd_id`),
  ADD KEY `site_id` (`site_id`);

--
-- 表的索引 `migrations`
--
ALTER TABLE `migrations`
  ADD PRIMARY KEY (`id`);

--
-- 表的索引 `miniuser`
--
ALTER TABLE `miniuser`
  ADD PRIMARY KEY (`id`);

--
-- 表的索引 `notifications`
--
ALTER TABLE `notifications`
  ADD PRIMARY KEY (`id`),
  ADD KEY `notifications_notifiable_id_notifiable_type_index` (`notifiable_id`,`notifiable_type`);

--
-- 表的索引 `orders`
--
ALTER TABLE `orders`
  ADD PRIMARY KEY (`id`),
  ADD UNIQUE KEY `order_id` (`orderid`);

--
-- 表的索引 `password`
--
ALTER TABLE `password`
  ADD PRIMARY KEY (`id`);

--
-- 表的索引 `password_resets`
--
ALTER TABLE `password_resets`
  ADD KEY `password_resets_email_index` (`email`),
  ADD KEY `password_resets_token_index` (`token`);

--
-- 表的索引 `paylog`
--
ALTER TABLE `paylog`
  ADD PRIMARY KEY (`id`);

--
-- 表的索引 `permissions`
--
ALTER TABLE `permissions`
  ADD PRIMARY KEY (`id`),
  ADD UNIQUE KEY `desc` (`desc`);

--
-- 表的索引 `permission_role`
--
ALTER TABLE `permission_role`
  ADD PRIMARY KEY (`id`);

--
-- 表的索引 `roles`
--
ALTER TABLE `roles`
  ADD PRIMARY KEY (`id`);

--
-- 表的索引 `role_user`
--
ALTER TABLE `role_user`
  ADD PRIMARY KEY (`id`);

--
-- 表的索引 `system`
--
ALTER TABLE `system`
  ADD PRIMARY KEY (`id`);

--
-- 表的索引 `tree`
--
ALTER TABLE `tree`
  ADD PRIMARY KEY (`id`),
  ADD KEY `path` (`path`);

--
-- 表的索引 `users`
--
ALTER TABLE `users`
  ADD PRIMARY KEY (`id`),
  ADD UNIQUE KEY `phone` (`phone`);

--
-- 表的索引 `website`
--
ALTER TABLE `website`
  ADD PRIMARY KEY (`id`);

--
-- 表的索引 `wechat`
--
ALTER TABLE `wechat`
  ADD PRIMARY KEY (`id`);

--
-- 在导出的表使用AUTO_INCREMENT
--

--
-- 使用表AUTO_INCREMENT `cashlog`
--
ALTER TABLE `cashlog`
  MODIFY `id` int(10) UNSIGNED NOT NULL AUTO_INCREMENT, AUTO_INCREMENT=664;

--
-- 使用表AUTO_INCREMENT `chargelog`
--
ALTER TABLE `chargelog`
  MODIFY `id` int(10) UNSIGNED NOT NULL AUTO_INCREMENT, AUTO_INCREMENT=4;

--
-- 使用表AUTO_INCREMENT `combo`
--
ALTER TABLE `combo`
  MODIFY `id` int(11) NOT NULL AUTO_INCREMENT, AUTO_INCREMENT=1125;

--
-- 使用表AUTO_INCREMENT `combo_site`
--
ALTER TABLE `combo_site`
  MODIFY `id` int(11) NOT NULL AUTO_INCREMENT, AUTO_INCREMENT=4209;

--
-- 使用表AUTO_INCREMENT `customer_service`
--
ALTER TABLE `customer_service`
  MODIFY `id` int(11) NOT NULL AUTO_INCREMENT;

--
-- 使用表AUTO_INCREMENT `failed_jobs`
--
ALTER TABLE `failed_jobs`
  MODIFY `id` bigint(20) UNSIGNED NOT NULL AUTO_INCREMENT;

--
-- 使用表AUTO_INCREMENT `images`
--
ALTER TABLE `images`
  MODIFY `id` int(11) NOT NULL AUTO_INCREMENT, AUTO_INCREMENT=16;

--
-- 使用表AUTO_INCREMENT `jobs`
--
ALTER TABLE `jobs`
  MODIFY `id` bigint(20) UNSIGNED NOT NULL AUTO_INCREMENT, AUTO_INCREMENT=6;

--
-- 使用表AUTO_INCREMENT `memcombo`
--
ALTER TABLE `memcombo`
  MODIFY `id` int(10) UNSIGNED NOT NULL AUTO_INCREMENT, AUTO_INCREMENT=7;

--
-- 使用表AUTO_INCREMENT `migrations`
--
ALTER TABLE `migrations`
  MODIFY `id` int(10) UNSIGNED NOT NULL AUTO_INCREMENT;

--
-- 使用表AUTO_INCREMENT `miniuser`
--
ALTER TABLE `miniuser`
  MODIFY `id` int(11) NOT NULL AUTO_INCREMENT;

--
-- 使用表AUTO_INCREMENT `orders`
--
ALTER TABLE `orders`
  MODIFY `id` int(10) UNSIGNED NOT NULL AUTO_INCREMENT;

--
-- 使用表AUTO_INCREMENT `password`
--
ALTER TABLE `password`
  MODIFY `id` int(10) UNSIGNED NOT NULL AUTO_INCREMENT, AUTO_INCREMENT=10976;

--
-- 使用表AUTO_INCREMENT `paylog`
--
ALTER TABLE `paylog`
  MODIFY `id` int(11) NOT NULL AUTO_INCREMENT, AUTO_INCREMENT=5;

--
-- 使用表AUTO_INCREMENT `permissions`
--
ALTER TABLE `permissions`
  MODIFY `id` int(10) UNSIGNED NOT NULL AUTO_INCREMENT, AUTO_INCREMENT=42;

--
-- 使用表AUTO_INCREMENT `permission_role`
--
ALTER TABLE `permission_role`
  MODIFY `id` int(10) UNSIGNED NOT NULL AUTO_INCREMENT, AUTO_INCREMENT=132;

--
-- 使用表AUTO_INCREMENT `roles`
--
ALTER TABLE `roles`
  MODIFY `id` int(10) UNSIGNED NOT NULL AUTO_INCREMENT, AUTO_INCREMENT=8;

--
-- 使用表AUTO_INCREMENT `role_user`
--
ALTER TABLE `role_user`
  MODIFY `id` int(10) UNSIGNED NOT NULL AUTO_INCREMENT, AUTO_INCREMENT=209;

--
-- 使用表AUTO_INCREMENT `system`
--
ALTER TABLE `system`
  MODIFY `id` int(10) UNSIGNED NOT NULL AUTO_INCREMENT, AUTO_INCREMENT=13;

--
-- 使用表AUTO_INCREMENT `tree`
--
ALTER TABLE `tree`
  MODIFY `id` int(11) NOT NULL AUTO_INCREMENT, AUTO_INCREMENT=185;

--
-- 使用表AUTO_INCREMENT `users`
--
ALTER TABLE `users`
  MODIFY `id` int(10) UNSIGNED NOT NULL AUTO_INCREMENT, AUTO_INCREMENT=16;

--
-- 使用表AUTO_INCREMENT `website`
--
ALTER TABLE `website`
  MODIFY `id` int(10) UNSIGNED NOT NULL AUTO_INCREMENT, AUTO_INCREMENT=20;

--
-- 使用表AUTO_INCREMENT `wechat`
--
ALTER TABLE `wechat`
  MODIFY `id` int(11) NOT NULL AUTO_INCREMENT;
COMMIT;

/*!40101 SET CHARACTER_SET_CLIENT=@OLD_CHARACTER_SET_CLIENT */;
/*!40101 SET CHARACTER_SET_RESULTS=@OLD_CHARACTER_SET_RESULTS */;
/*!40101 SET COLLATION_CONNECTION=@OLD_COLLATION_CONNECTION */;
